Scil_15;Slac_14	Scil_15;Slac_14_pval1	Scil_15;Slac_14_pval2	Scil_17;Slac_40	Scil_17;Slac_40_pval1	Scil_17;Slac_40_pval2	Scil_21;Slac_15	Scil_21;Slac_15_pval1	Scil_21;Slac_15_pval2	Scil_21;Slac_9	Scil_21;Slac_9_pval1	Scil_21;Slac_9_pval2	Scil_24;Slac_24	Scil_24;Slac_24_pval1	Scil_24;Slac_24_pval2	Scil_25;Slac_17	Scil_25;Slac_17_pval1	Scil_25;Slac_17_pval2	Scil_26;Slac_10	Scil_26;Slac_10_pval1	Scil_26;Slac_10_pval2	Scil_26;Slac_18	Scil_26;Slac_18_pval1	Scil_26;Slac_18_pval2	Scil_27;Slac_24	Scil_27;Slac_24_pval1	Scil_27;Slac_24_pval2	Scil_28;Slac_4	Scil_28;Slac_4_pval1	Scil_28;Slac_4_pval2
Scil_g7126;Slac_ENSLPGG00000002625	4.550324673133158e-154	1.372699587625209e-296	Scil_g7031;Slac_ENSLPGG00000001833	5.706445046493414e-140	3.2605975973162365e-30	Scil_g8135;Slac_ENSLPGG00000014506	1.6919501782107682e-97	1.5255096301183682e-54	Scil_g130;Slac_ENSLPGG00000015888	3.602006050929476e-46	0.0	Scil_g4335;Slac_ENSLPGG00000018987	2.8855770379476457e-94	2.6386254863590804e-208	Scil_g9010;Slac_ENSLPGG00000023963	1.2264590765501197e-29	1.9303084155892143e-88	Scil_g7428;Slac_ENSLPGG00000020343	6.035139808925412e-37	4.554183040904839e-122	Scil_g7428;Slac_ENSLPGG00000020343	6.035139808925412e-37	1.394075905156344e-194	Scil_g7883;Slac_ENSLPGG00000021520	7.832621607869524e-72	1.1192892414117911e-44	Scil_g6013;Slac_ENSLPGG00000000463	2.0535692665603484e-34	8.752860679216943e-18
Scil_g2367;Slac_ENSLPGG00000026079	7.672319809832575e-118	9.031003272821954e-99	Scil_g4223;Slac_ENSLPGG00000018987	8.368769958681126e-147	6.733704086712018e-08	Scil_g130;Slac_ENSLPGG00000015888	3.602006050929476e-46	0.0	Scil_g4792;Slac_ENSLPGG00000007730	2.1672041103820224e-120	0.0	Scil_g7883;Slac_ENSLPGG00000021520	1.162956500078495e-86	1.1192892414117911e-44	Scil_g2930;Slac_ENSLPGG00000023963	3.3176949352516434e-14	1.9303084155892143e-88	Scil_g4792;Slac_ENSLPGG00000018987	2.0581931075653316e-74	2.4652339748246525e-172	Scil_g4792;Slac_ENSLPGG00000018987	2.0581931075653316e-74	3.0882825093222114e-93	Scil_g13004;Slac_ENSLPGG00000018987	1.4319668162711407e-72	2.6386254863590804e-208	Scil_g2268;Slac_ENSLPGG00000005266	1.73729237579234e-16	1.7279918550208642e-49
Scil_g2367;Slac_ENSLPGG00000026970	7.672319809832575e-118	6.757154788096515e-72	Scil_g13004;Slac_ENSLPGG00000018987	2.471810523563691e-123	6.733704086712018e-08	Scil_g8135;Slac_ENSLPGG00000014782	1.6919501782107682e-97	4.0221730396915904e-85	Scil_g10508;Slac_ENSLPGG00000018391	6.773534454109065e-120	1.2564638542575937e-72	Scil_g20;Slac_ENSLPGG00000018987	3.034859832850301e-78	2.6386254863590804e-208	Scil_g1194;Slac_ENSLPGG00000022231	0.00012069039395124768	1.486829244349914e-24	Scil_g4792;Slac_ENSLPGG00000007730	2.0581931075653316e-74	2.5033167562237615e-138	Scil_g4792;Slac_ENSLPGG00000007730	2.0581931075653316e-74	3.6133844128804866e-70	Scil_g4223;Slac_ENSLPGG00000018987	1.8920182027213295e-72	2.6386254863590804e-208	Scil_g2679;Slac_ENSLPGG00000028207	8.564893387178771e-08	0.0004395951831638713
Scil_g4132;Slac_ENSLPGG00000021950	5.5570699386879124e-132	1.4391600060050444e-222	Scil_g1554;Slac_ENSLPGG00000016023	4.083977641237876e-149	3.6569770319029893e-06	Scil_g10508;Slac_ENSLPGG00000012949	6.773534454109065e-120	1.701605558563056e-277	Scil_g8135;Slac_ENSLPGG00000014782	1.6919501782107682e-97	5.526486443458363e-95	Scil_g13004;Slac_ENSLPGG00000018987	2.5514582754827525e-91	2.6386254863590804e-208	Scil_g1586;Slac_ENSLPGG00000022231	0.0006530911128548313	1.486829244349914e-24	Scil_g4792;Slac_ENSLPGG00000007525	2.0581931075653316e-74	5.8275722590133974e-15	Scil_g4792;Slac_ENSLPGG00000007525	2.0581931075653316e-74	1.0828951260361905e-08	Scil_g4335;Slac_ENSLPGG00000018987	3.007251507353725e-67	2.6386254863590804e-208	Scil_g6182;Slac_ENSLPGG00000004947	0.00425243105919548	1.323815998187698e-12
Scil_g8600;Slac_ENSLPGG00000026079	5.086624277160392e-43	9.031003272821954e-99	Scil_g6803;Slac_ENSLPGG00000012949	6.482115176981062e-71	4.996980595575526e-14	Scil_g13539;Slac_ENSLPGG00000015888	1.1454364321341173e-47	0.0	Scil_g10508;Slac_ENSLPGG00000012949	6.773534454109065e-120	0.0	Scil_g4223;Slac_ENSLPGG00000018987	1.5956933083580732e-91	2.6386254863590804e-208	Scil_g9010;Slac_ENSLPGG00000008750	1.2264590765501197e-29	8.530991638627806e-36	Scil_g8135;Slac_ENSLPGG00000014782	3.511803926883819e-51	9.151422886198967e-15	Scil_g8135;Slac_ENSLPGG00000014782	3.511803926883819e-51	1.0509840262664914e-07	Scil_g20;Slac_ENSLPGG00000018987	1.560667198226129e-53	2.6386254863590804e-208	Scil_g5104;Slac_ENSLPGG00000009116	1.425752592931045e-12	1.938637425975692e-130
Scil_g8600;Slac_ENSLPGG00000026970	5.086624277160392e-43	6.757154788096515e-72	Scil_g4335;Slac_ENSLPGG00000018987	1.5673504491633077e-64	6.733704086712018e-08	Scil_g4792;Slac_ENSLPGG00000018987	2.1672041103820224e-120	4.442906185241835e-129	Scil_g4792;Slac_ENSLPGG00000018987	2.1672041103820224e-120	8.336789136783278e-158	Scil_g2609;Slac_ENSLPGG00000018987	1.5111048112200333e-68	2.6386254863590804e-208	Scil_g6719;Slac_ENSLPGG00000018987	1.7693134985060617e-86	3.791882775025262e-229	Scil_g7728;Slac_ENSLPGG00000007104	1.5670923209971047e-08	1.0465684428971881e-58	Scil_g7728;Slac_ENSLPGG00000007104	1.5670923209971047e-08	1.4291906373326652e-41	Scil_g7031;Slac_ENSLPGG00000001833	3.3073374555540937e-72	2.2167866593897166e-223	Scil_g9919;Slac_ENSLPGG00000001013	0.004295479598859492	8.737797247574456e-205
Scil_g3890;Slac_ENSLPGG00000020028	8.523643662221874e-99	1.907786574303345e-70	Scil_g877;Slac_ENSLPGG00000012949	3.653274489127598e-64	4.996980595575526e-14	Scil_g4792;Slac_ENSLPGG00000007730	2.1672041103820224e-120	3.998399138806171e-213	Scil_g13539;Slac_ENSLPGG00000015888	1.1454364321341173e-47	0.0	Scil_g7031;Slac_ENSLPGG00000001833	1.046013475420371e-88	2.2167866593897166e-223	Scil_g9389;Slac_ENSLPGG00000022231	0.004809040713606628	1.486829244349914e-24	Scil_g13078;Slac_ENSLPGG00000014782	5.672535419232332e-10	9.151422886198967e-15	Scil_g10508;Slac_ENSLPGG00000012949	2.0611272151206765e-09	1.5193941358637149e-176	Scil_g2609;Slac_ENSLPGG00000018987	5.680645443935824e-44	2.6386254863590804e-208	Scil_g2679;Slac_ENSLPGG00000008029	8.564893387178771e-08	0.0007020116678489722
Scil_g11466;Slac_ENSLPGG00000020028	6.365945788462599e-97	1.907786574303345e-70	Scil_g4223;Slac_ENSLPGG00000007730	8.368769958681126e-147	1.6005189891447079e-06	Scil_g10508;Slac_ENSLPGG00000018391	6.773534454109065e-120	1.4325407164863737e-45	Scil_g8135;Slac_ENSLPGG00000014506	1.6919501782107682e-97	3.072845078965812e-33	Scil_g4929;Slac_ENSLPGG00000023276	9.60239209900516e-95	1.4295563297452558e-07	Scil_g2930;Slac_ENSLPGG00000008750	3.3176949352516434e-14	8.530991638627806e-36	Scil_g4792;Slac_ENSLPGG00000011839	2.0581931075653316e-74	0.0016410694167748663	Scil_g13279;Slac_ENSLPGG00000012949	2.3101575144059033e-19	1.5193941358637149e-176	Scil_g1157;Slac_ENSLPGG00000014506	1.1520825168030329e-29	1.1472672825183391e-41	Scil_g918;Slac_ENSLPGG00000021950	1.6748421492648936e-06	1.6975221878424882e-07
Scil_g2434;Slac_ENSLPGG00000012340	4.985682385220709e-44	0.0	Scil_g9786;Slac_ENSLPGG00000007134	7.945337304498997e-42	9.554026496564324e-05	Scil_g792;Slac_ENSLPGG00000001761	4.502169748278949e-85	1.3462692566009719e-65	Scil_g4792;Slac_ENSLPGG00000007525	2.1672041103820224e-120	2.4280532106859597e-36	Scil_g1061;Slac_ENSLPGG00000023276	1.0251660571293946e-93	1.4295563297452558e-07	Scil_g788;Slac_ENSLPGG00000003499	6.832732451063917e-50	1.357194598266658e-60	Scil_g13279;Slac_ENSLPGG00000012949	2.3101575144059033e-19	6.237655747045699e-217	Scil_g13078;Slac_ENSLPGG00000014782	5.672535419232332e-10	1.0509840262664914e-07	Scil_g1061;Slac_ENSLPGG00000023276	1.6531340316030627e-66	1.4295563297452558e-07	Scil_g4190;Slac_ENSLPGG00000009116	1.3452394519725615e-13	1.938637425975692e-130
Scil_g16;Slac_ENSLPGG00000012340	3.0780431385019944e-38	0.0	Scil_g13004;Slac_ENSLPGG00000007730	2.471810523563691e-123	1.6005189891447079e-06	Scil_g4792;Slac_ENSLPGG00000007525	2.1672041103820224e-120	3.5619051390972777e-23	Scil_g1027;Slac_ENSLPGG00000021127	2.2596925306718318e-64	0.00037730423206785676	Scil_g4929;Slac_ENSLPGG00000007322	9.60239209900516e-95	6.029827760382912e-40	Scil_g7598;Slac_ENSLPGG00000018326	1.654052207920732e-54	1.1462170793757774e-39	Scil_g13127;Slac_ENSLPGG00000012140	0.0022593774044782694	1.5860926588294295e-41	Scil_g13127;Slac_ENSLPGG00000012140	0.0022593774044782694	3.083781473194777e-35	Scil_g2493;Slac_ENSLPGG00000023276	8.396436553490569e-72	1.4295563297452558e-07	Scil_g176;Slac_ENSLPGG00000001013	0.0002427391272647263	8.737797247574456e-205
Scil_g7126;Slac_ENSLPGG00000026137	4.550324673133158e-154	1.6047255062722863e-30	Scil_g12599;Slac_ENSLPGG00000002394	1.330193242913404e-12	5.678874228344192e-06	Scil_g5761;Slac_ENSLPGG00000012632	4.2622160550874223e-38	2.268712304238751e-26	Scil_g4792;Slac_ENSLPGG00000011839	2.1672041103820224e-120	2.3607637339619418e-11	Scil_g4240;Slac_ENSLPGG00000018987	3.593482504157775e-10	2.6386254863590804e-208	Scil_g8884;Slac_ENSLPGG00000005483	0.00010905326585600339	6.771725959466119e-09	Scil_g10508;Slac_ENSLPGG00000012949	2.0611272151206765e-09	6.237655747045699e-217	Scil_g6060;Slac_ENSLPGG00000013844	8.289548245891048e-07	1.351461426858574e-132	Scil_g2541;Slac_ENSLPGG00000014506	3.475334919449621e-07	1.1472672825183391e-41	Scil_g6182;Slac_ENSLPGG00000021186	0.00425243105919548	4.6642969300092515e-92
Scil_g7130;Slac_ENSLPGG00000014289	1.1016928371962666e-49	1.063593045223818e-144	Scil_g20;Slac_ENSLPGG00000018987	1.369084501067829e-14	6.733704086712018e-08	Scil_g1027;Slac_ENSLPGG00000021127	2.2596925306718318e-64	0.00026020690407486225	Scil_g2609;Slac_ENSLPGG00000007730	2.496564254222248e-24	0.0	Scil_g4335;Slac_ENSLPGG00000007730	2.8855770379476457e-94	1.7449377494689486e-149	Scil_g7598;Slac_ENSLPGG00000026540	1.654052207920732e-54	5.082599674901194e-269	Scil_g10147;Slac_ENSLPGG00000006923	9.901932690407894e-29	0.0038925107554729542	Scil_g9850;Slac_ENSLPGG00000008750	1.8869486914751215e-24	1.1333697489390906e-08	Scil_g6803;Slac_ENSLPGG00000012949	4.0147325213091934e-71	7.631737265201371e-154	Scil_g10276;Slac_ENSLPGG00000005266	7.375399365999464e-05	1.7279918550208642e-49
Scil_g13039;Slac_ENSLPGG00000013772	1.875632303654956e-21	1.2252823654104125e-130	Scil_g4335;Slac_ENSLPGG00000007730	1.5673504491633077e-64	1.6005189891447079e-06	Scil_g10147;Slac_ENSLPGG00000006923	4.551182698597302e-95	1.2894945385144873e-12	Scil_g10147;Slac_ENSLPGG00000006923	4.551182698597302e-95	1.1559737404663003e-15	Scil_g2493;Slac_ENSLPGG00000023276	1.562110105586015e-93	1.4295563297452558e-07	Scil_g5543;Slac_ENSLPGG00000018326	1.9291177338406187e-15	1.1462170793757774e-39	Scil_g6060;Slac_ENSLPGG00000013844	8.289548245891048e-07	2.2780826442584337e-147	Scil_g12881;Slac_ENSLPGG00000018391	6.56969706131986e-11	0.00017741661575307126	Scil_g1061;Slac_ENSLPGG00000007322	1.6531340316030627e-66	6.029827760382912e-40	Scil_g8970;Slac_ENSLPGG00000012340	7.318774950426462e-09	4.441996473331513e-39
Scil_g6523;Slac_ENSLPGG00000017549	1.9208820673220015e-108	0.0	Scil_g4929;Slac_ENSLPGG00000012981	5.043365006362624e-38	0.0015827827178290744	Scil_g792;Slac_ENSLPGG00000003499	4.502169748278949e-85	6.728375828184202e-59	Scil_g5761;Slac_ENSLPGG00000012632	4.2622160550874223e-38	5.189924774511159e-28	Scil_g1061;Slac_ENSLPGG00000007322	1.0251660571293946e-93	6.029827760382912e-40	Scil_g5543;Slac_ENSLPGG00000026540	1.9291177338406187e-15	5.082599674901194e-269	Scil_g8192;Slac_ENSLPGG00000018987	1.908173929108026e-09	2.4652339748246525e-172	Scil_g8192;Slac_ENSLPGG00000018987	1.908173929108026e-09	3.0882825093222114e-93	Scil_g13004;Slac_ENSLPGG00000007730	1.4319668162711407e-72	1.7449377494689486e-149	Scil_g6182;Slac_ENSLPGG00000024989	0.00425243105919548	0.00241040070878632
Scil_g6488;Slac_ENSLPGG00000018881	8.405752906415988e-42	3.327573532759263e-167	Scil_g130;Slac_ENSLPGG00000015888	6.671212094816977e-06	4.468331231318971e-10	Scil_g2609;Slac_ENSLPGG00000018987	2.496564254222248e-24	4.442906185241835e-129	Scil_g792;Slac_ENSLPGG00000003499	4.502169748278949e-85	5.716635146386202e-99	Scil_g20;Slac_ENSLPGG00000007730	3.034859832850301e-78	1.7449377494689486e-149	Scil_g11357;Slac_ENSLPGG00000001431	0.00012051590821996128	1.381974379108204e-17	Scil_g12881;Slac_ENSLPGG00000018391	6.56969706131986e-11	0.000232973285449148	Scil_g6060;Slac_ENSLPGG00000014386	8.289548245891048e-07	3.5379007592721833e-43	Scil_g877;Slac_ENSLPGG00000012949	3.436755750647432e-72	7.631737265201371e-154	Scil_g2168;Slac_ENSLPGG00000017442	4.866606891910804e-10	0.0007134878658663055
Scil_g13459;Slac_ENSLPGG00000014078	1.9096012719656576e-17	1.1718410859204122e-156	Scil_g49;Slac_ENSLPGG00000018987	2.1242393668836534e-43	6.733704086712018e-08	Scil_g2609;Slac_ENSLPGG00000007730	2.496564254222248e-24	3.998399138806171e-213	Scil_g792;Slac_ENSLPGG00000001761	4.502169748278949e-85	5.86853535204573e-31	Scil_g4929;Slac_ENSLPGG00000030375	9.60239209900516e-95	0.0009062360447060605	Scil_g3655;Slac_ENSLPGG00000014681	2.6982419899185822e-09	4.5576240583169175e-08	Scil_g10140;Slac_ENSLPGG00000015562	5.184426286457177e-21	0.002415892140766677	Scil_g10508;Slac_ENSLPGG00000018391	2.0611272151206765e-09	0.00017741661575307126	Scil_g4223;Slac_ENSLPGG00000007730	1.8920182027213295e-72	1.7449377494689486e-149	Scil_g6182;Slac_ENSLPGG00000008996	0.00425243105919548	8.155654749464835e-07
Scil_g49;Slac_ENSLPGG00000007730	3.553367353846493e-191	1.131600810454147e-278	Scil_g20;Slac_ENSLPGG00000007730	1.369084501067829e-14	1.6005189891447079e-06	Scil_g4792;Slac_ENSLPGG00000011839	2.1672041103820224e-120	3.187901163744036e-05	Scil_g2609;Slac_ENSLPGG00000018987	2.496564254222248e-24	8.336789136783278e-158	Scil_g6803;Slac_ENSLPGG00000012949	2.221893686373928e-86	7.631737265201371e-154	Scil_g6719;Slac_ENSLPGG00000007730	1.7693134985060617e-86	1.5161634843722148e-162	Scil_g9850;Slac_ENSLPGG00000008750	1.8869486914751215e-24	8.469060618318465e-06	Scil_g13279;Slac_ENSLPGG00000018391	2.3101575144059033e-19	0.00017741661575307126	Scil_g4240;Slac_ENSLPGG00000018987	7.94947822143419e-06	2.6386254863590804e-208	Scil_g5407;Slac_ENSLPGG00000016023	6.198193916748304e-13	2.7933912874570014e-08
Scil_g6264;Slac_ENSLPGG00000003728	1.4741925395631006e-08	2.4199863712403416e-262	Scil_g2609;Slac_ENSLPGG00000018987	5.157334359600316e-07	6.733704086712018e-08	Scil_g13078;Slac_ENSLPGG00000014506	7.912716267496188e-05	1.5255096301183682e-54	Scil_g2609;Slac_ENSLPGG00000007525	2.496564254222248e-24	2.4280532106859597e-36	Scil_g877;Slac_ENSLPGG00000012949	1.1371250482772108e-92	7.631737265201371e-154	Scil_g11357;Slac_ENSLPGG00000013450	0.00012051590821996128	1.1590821410010482e-08	Scil_g6060;Slac_ENSLPGG00000014386	8.289548245891048e-07	1.679986215407584e-43	Scil_g11447;Slac_ENSLPGG00000008750	0.00040925440577367324	1.1333697489390906e-08	Scil_g4929;Slac_ENSLPGG00000023276	3.464830970332022e-64	1.4295563297452558e-07	Scil_g6171;Slac_ENSLPGG00000003671	0.0020988008717871824	1.5529769930545319e-09
Scil_g49;Slac_ENSLPGG00000018987	3.553367353846493e-191	1.3501043026864786e-122	Scil_g13539;Slac_ENSLPGG00000015888	0.0023989203200656395	4.468331231318971e-10	Scil_g5761;Slac_ENSLPGG00000012744	4.2622160550874223e-38	0.0008141352423049209	Scil_g10140;Slac_ENSLPGG00000018774	5.963012473984281e-36	2.4166258980482844e-09	Scil_g1846;Slac_ENSLPGG00000002171	3.7072688851209574e-77	2.0039843010385572e-48	Scil_g2018;Slac_ENSLPGG00000002251	2.733722159106803e-29	1.0703518826219367e-12	Scil_g13279;Slac_ENSLPGG00000018391	2.3101575144059033e-19	0.000232973285449148	Scil_g13026;Slac_ENSLPGG00000029928	1.3544404979115356e-21	0.002355789556263397	Scil_g4335;Slac_ENSLPGG00000007730	3.007251507353725e-67	1.7449377494689486e-149			
Scil_g6719;Slac_ENSLPGG00000007730	3.0362871899514263e-161	1.131600810454147e-278	Scil_g6719;Slac_ENSLPGG00000018987	1.4253412721496032e-32	6.733704086712018e-08	Scil_g13026;Slac_ENSLPGG00000029928	4.83779984233148e-48	6.445548881118811e-26	Scil_g13026;Slac_ENSLPGG00000029928	4.83779984233148e-48	5.964734464321405e-23	Scil_g1061;Slac_ENSLPGG00000030375	1.0251660571293946e-93	0.0009062360447060605	Scil_g6719;Slac_ENSLPGG00000007525	1.7693134985060617e-86	3.993170464153228e-16	Scil_g11447;Slac_ENSLPGG00000008750	0.00040925440577367324	8.469060618318465e-06	Scil_g12721;Slac_ENSLPGG00000026540	0.004329319745136899	6.482581306320177e-265	Scil_g9009;Slac_ENSLPGG00000015421	4.190667034827539e-09	1.6640067240340393e-10			
Scil_g6128;Slac_ENSLPGG00000007585	1.7142176999012228e-09	0.00011583117038050548	Scil_g49;Slac_ENSLPGG00000007730	2.1242393668836534e-43	1.6005189891447079e-06	Scil_g13078;Slac_ENSLPGG00000014782	7.912716267496188e-05	4.0221730396915904e-85	Scil_g13078;Slac_ENSLPGG00000014782	7.912716267496188e-05	5.526486443458363e-95	Scil_g130;Slac_ENSLPGG00000015888	1.4146731984658691e-66	1.414267117274712e-109	Scil_g9850;Slac_ENSLPGG00000023963	7.256824191226701e-09	1.9303084155892143e-88	Scil_g2615;Slac_ENSLPGG00000027773	7.366205914305824e-33	2.66221771586867e-15	Scil_g1929;Slac_ENSLPGG00000017167	1.0567452412180616e-32	0.00026761402249912984	Scil_g1157;Slac_ENSLPGG00000014782	1.1520825168030329e-29	2.216785442425679e-52			
Scil_g5849;Slac_ENSLPGG00000005661	0.00013226546539073046	1.2482535014366128e-22	Scil_g1061;Slac_ENSLPGG00000012981	1.2390614263444723e-23	0.0015827827178290744	Scil_g9850;Slac_ENSLPGG00000009453	2.9609292285413797e-44	6.590504302001542e-85	Scil_g2793;Slac_ENSLPGG00000021503	1.1197019573576427e-08	2.2036020148650768e-13	Scil_g1846;Slac_ENSLPGG00000016891	3.7072688851209574e-77	1.1066745948069943e-10	Scil_g6719;Slac_ENSLPGG00000011839	1.7693134985060617e-86	6.039500918035304e-05	Scil_g8192;Slac_ENSLPGG00000007730	1.908173929108026e-09	2.5033167562237615e-138	Scil_g2024;Slac_ENSLPGG00000002251	5.342744137071231e-11	0.00012251065877010218	Scil_g1061;Slac_ENSLPGG00000030375	1.6531340316030627e-66	0.0009062360447060605			
Scil_g6588;Slac_ENSLPGG00000004351	1.5951578667449876e-59	4.011396952539068e-120	Scil_g2609;Slac_ENSLPGG00000007730	5.157334359600316e-07	1.6005189891447079e-06	Scil_g130;Slac_ENSLPGG00000008987	3.602006050929476e-46	6.53881726537894e-05	Scil_g130;Slac_ENSLPGG00000008987	3.602006050929476e-46	0.001852208764674488	Scil_g13004;Slac_ENSLPGG00000007730	2.5514582754827525e-91	1.7449377494689486e-149	Scil_g9010;Slac_ENSLPGG00000009116	1.2264590765501197e-29	0.0002502781468967871	Scil_g10508;Slac_ENSLPGG00000018391	2.0611272151206765e-09	0.000232973285449148	Scil_g2615;Slac_ENSLPGG00000027773	7.366205914305824e-33	3.8335044618437055e-14	Scil_g7031;Slac_ENSLPGG00000002726	3.3073374555540937e-72	4.048195775242507e-16			
Scil_g6719;Slac_ENSLPGG00000018987	3.0362871899514263e-161	1.3501043026864786e-122	Scil_g13119;Slac_ENSLPGG00000019726	3.421734682792743e-08	1.9316038330672487e-09	Scil_g10086;Slac_ENSLPGG00000020504	3.0338463385256324e-05	5.048442826344658e-07	Scil_g9850;Slac_ENSLPGG00000009453	2.9609292285413797e-44	2.999904205182712e-54	Scil_g4223;Slac_ENSLPGG00000007730	1.5956933083580732e-91	1.7449377494689486e-149	Scil_g2018;Slac_ENSLPGG00000007322	2.733722159106803e-29	1.8319456033269103e-86	Scil_g2168;Slac_ENSLPGG00000017442	1.924948131259263e-44	3.358478301543123e-08	Scil_g8192;Slac_ENSLPGG00000007730	1.908173929108026e-09	3.6133844128804866e-70	Scil_g2493;Slac_ENSLPGG00000030375	8.396436553490569e-72	0.0009062360447060605			
Scil_g12721;Slac_ENSLPGG00000026540	1.580144500595143e-150	1.5286010209599225e-83	Scil_g6719;Slac_ENSLPGG00000007730	1.4253412721496032e-32	1.6005189891447079e-06	Scil_g2609;Slac_ENSLPGG00000007525	2.496564254222248e-24	3.5619051390972777e-23	Scil_g13078;Slac_ENSLPGG00000014506	7.912716267496188e-05	3.072845078965812e-33	Scil_g13539;Slac_ENSLPGG00000015888	3.8710966832846466e-62	1.414267117274712e-109	Scil_g9312;Slac_ENSLPGG00000002720	1.6684120061973445e-10	0.003850984221015657	Scil_g1929;Slac_ENSLPGG00000017167	1.0567452412180616e-32	4.23075403131817e-09	Scil_g2024;Slac_ENSLPGG00000004970	5.342744137071231e-11	7.678095289483315e-10	Scil_g7709;Slac_ENSLPGG00000014949	2.7523226686168697e-18	1.1948375898754562e-64			
Scil_g49;Slac_ENSLPGG00000011839	3.553367353846493e-191	1.90611515788076e-10	Scil_g267;Slac_ENSLPGG00000005542	0.00616786698825931	0.009397426229475696	Scil_g12721;Slac_ENSLPGG00000026540	1.7835176393336055e-43	5.221094862122248e-101	Scil_g2609;Slac_ENSLPGG00000011839	2.496564254222248e-24	2.3607637339619418e-11	Scil_g2493;Slac_ENSLPGG00000030375	1.562110105586015e-93	0.0009062360447060605	Scil_g7728;Slac_ENSLPGG00000007104	3.361117219650933e-35	4.588380495450339e-10	Scil_g11447;Slac_ENSLPGG00000009116	0.00040925440577367324	2.3182165276087313e-13	Scil_g12721;Slac_ENSLPGG00000018326	0.004329319745136899	1.9484642569970714e-21	Scil_g4929;Slac_ENSLPGG00000007322	3.464830970332022e-64	6.029827760382912e-40			
Scil_g49;Slac_ENSLPGG00000007525	3.553367353846493e-191	1.2026125316824048e-14	Scil_g10508;Slac_ENSLPGG00000012949	0.0034224389133556063	4.996980595575526e-14	Scil_g9161;Slac_ENSLPGG00000022320	2.6385043186678827e-33	9.333787942764978e-10	Scil_g1350;Slac_ENSLPGG00000015655	1.7852689279252667e-48	1.160234898039516e-18	Scil_g2609;Slac_ENSLPGG00000007730	1.5111048112200333e-68	1.7449377494689486e-149	Scil_g2930;Slac_ENSLPGG00000009116	3.3176949352516434e-14	0.0002502781468967871	Scil_g8192;Slac_ENSLPGG00000007525	1.908173929108026e-09	5.8275722590133974e-15	Scil_g2168;Slac_ENSLPGG00000017442	1.924948131259263e-44	0.0028047335468007334	Scil_g20;Slac_ENSLPGG00000007730	1.560667198226129e-53	1.7449377494689486e-149			
Scil_g5970;Slac_ENSLPGG00000019726	6.359832455523348e-28	0.0	Scil_g4792;Slac_ENSLPGG00000018987	3.134017958651674e-10	6.733704086712018e-08	Scil_g2793;Slac_ENSLPGG00000021503	1.1197019573576427e-08	2.2972828260652025e-10	Scil_g2793;Slac_ENSLPGG00000017855	1.1197019573576427e-08	1.3038842899301157e-06	Scil_g1157;Slac_ENSLPGG00000014506	5.371096108950538e-15	1.1472672825183391e-41	Scil_g12881;Slac_ENSLPGG00000018391	1.0851888983137767e-08	8.80674281685354e-58	Scil_g6013;Slac_ENSLPGG00000000463	1.0516047263513483e-14	1.0290658442549019e-08	Scil_g11447;Slac_ENSLPGG00000009116	0.00040925440577367324	1.2402889402997416e-10	Scil_g1846;Slac_ENSLPGG00000002171	2.6571136541369326e-45	2.0039843010385572e-48			
Scil_g8135;Slac_ENSLPGG00000014782	4.886659234752376e-97	3.5310458308772875e-55	Scil_g4792;Slac_ENSLPGG00000007730	3.134017958651674e-10	1.6005189891447079e-06	Scil_g13539;Slac_ENSLPGG00000008987	1.1454364321341173e-47	6.53881726537894e-05	Scil_g5761;Slac_ENSLPGG00000012744	4.2622160550874223e-38	0.009637538595497895	Scil_g4517;Slac_ENSLPGG00000005542	4.833548353276332e-67	2.2155380793958537e-16	Scil_g2789;Slac_ENSLPGG00000017036	3.0992480392413104e-32	1.9986848103810602e-07	Scil_g10207;Slac_ENSLPGG00000027146	1.254756164829183e-07	0.00013474303058501203	Scil_g8192;Slac_ENSLPGG00000007525	1.908173929108026e-09	1.0828951260361905e-08	Scil_g5780;Slac_ENSLPGG00000021520	7.726719165322015e-45	1.1192892414117911e-44			
Scil_g178;Slac_ENSLPGG00000008750	1.4769874519580662e-05	3.2875899999834076e-37				Scil_g11654;Slac_ENSLPGG00000017086	4.872362971570459e-07	5.011464522643092e-11	Scil_g13127;Slac_ENSLPGG00000012140	1.1909346607224929e-09	2.2234277891488934e-08	Scil_g7031;Slac_ENSLPGG00000002726	1.046013475420371e-88	4.048195775242507e-16	Scil_g4881;Slac_ENSLPGG00000015631	1.843464637993519e-10	0.003778735700775536	Scil_g12721;Slac_ENSLPGG00000026540	0.004329319745136899	0.0	Scil_g7534;Slac_ENSLPGG00000002171	0.0013458631887089706	1.992864717506652e-06	Scil_g1846;Slac_ENSLPGG00000016891	2.6571136541369326e-45	1.1066745948069943e-10			
Scil_g5478;Slac_ENSLPGG00000015099	1.5061464715015508e-67	1.2070220763616555e-10				Scil_g1350;Slac_ENSLPGG00000015655	1.7852689279252667e-48	1.5732646119188781e-15	Scil_g13539;Slac_ENSLPGG00000008987	1.1454364321341173e-47	0.001852208764674488	Scil_g6803;Slac_ENSLPGG00000018391	2.221893686373928e-86	5.576426266892998e-14	Scil_g8135;Slac_ENSLPGG00000014782	2.51499300070688e-45	4.809124165610324e-15	Scil_g2024;Slac_ENSLPGG00000004970	5.342744137071231e-11	4.002866468347368e-10	Scil_g11222;Slac_ENSLPGG00000019065	1.1224722807259061e-07	1.7021584360314615e-05	Scil_g4929;Slac_ENSLPGG00000030375	3.464830970332022e-64	0.0009062360447060605			
Scil_g3183;Slac_ENSLPGG00000018903	4.8477083124980386e-23	6.190872925276122e-38				Scil_g10140;Slac_ENSLPGG00000018774	5.963012473984281e-36	4.505355541140787e-05	Scil_g3071;Slac_ENSLPGG00000021503	5.950482999888198e-18	2.2036020148650768e-13	Scil_g7709;Slac_ENSLPGG00000014949	1.1009467812728016e-20	1.1948375898754562e-64	Scil_g2018;Slac_ENSLPGG00000014205	2.733722159106803e-29	5.661329922037294e-55	Scil_g1350;Slac_ENSLPGG00000015655	1.705195044157367e-11	0.00021136649384652376	Scil_g6013;Slac_ENSLPGG00000000463	1.0516047263513483e-14	0.00026096542275558173	Scil_g130;Slac_ENSLPGG00000015888	1.1639739734115758e-43	1.414267117274712e-109			
Scil_g8133;Slac_ENSLPGG00000018959	1.5167785041874613e-19	2.0647563291207728e-278				Scil_g8192;Slac_ENSLPGG00000018987	2.4409454456120322e-27	4.442906185241835e-129	Scil_g8192;Slac_ENSLPGG00000007730	2.4409454456120322e-27	0.0	Scil_g877;Slac_ENSLPGG00000018391	1.1371250482772108e-92	5.576426266892998e-14	Scil_g13078;Slac_ENSLPGG00000014782	1.270550194124332e-16	4.809124165610324e-15	Scil_g11222;Slac_ENSLPGG00000001139	1.1224722807259061e-07	8.266041589905523e-12	Scil_g552;Slac_ENSLPGG00000010574	4.0455461633563806e-39	0.0002587691405966822	Scil_g7883;Slac_ENSLPGG00000006271	7.832621607869524e-72	6.725810871771657e-11			
Scil_g12820;Slac_ENSLPGG00000015099	4.7226135486708815e-49	1.2070220763616555e-10				Scil_g8192;Slac_ENSLPGG00000007730	2.4409454456120322e-27	3.998399138806171e-213	Scil_g130;Slac_ENSLPGG00000012055	3.602006050929476e-46	4.0874491108281004e-05	Scil_g5780;Slac_ENSLPGG00000021520	2.9711931366042666e-50	1.1192892414117911e-44	Scil_g10974;Slac_ENSLPGG00000001863	1.441560994436236e-15	0.008488969049799896	Scil_g7534;Slac_ENSLPGG00000002171	0.0013458631887089706	5.7284404265097054e-06	Scil_g11222;Slac_ENSLPGG00000001139	1.1224722807259061e-07	2.1318647841890573e-07	Scil_g2609;Slac_ENSLPGG00000007730	5.680645443935824e-44	1.7449377494689486e-149			
Scil_g7598;Slac_ENSLPGG00000026540	1.49324567379754e-38	1.5286010209599225e-83				Scil_g8299;Slac_ENSLPGG00000019726	3.997779389256044e-103	1.6706628061377998e-112	Scil_g2024;Slac_ENSLPGG00000004729	3.8482179326324794e-44	3.290049794897673e-15	Scil_g4929;Slac_ENSLPGG00000014205	9.60239209900516e-95	6.288064179825763e-09	Scil_g8135;Slac_ENSLPGG00000014506	2.51499300070688e-45	7.072630103694185e-05	Scil_g2622;Slac_ENSLPGG00000015631	4.539054140077688e-11	0.008502482305733323	Scil_g5780;Slac_ENSLPGG00000019065	7.2955123666667815e-19	1.7021584360314615e-05	Scil_g7883;Slac_ENSLPGG00000007158	7.832621607869524e-72	2.0838815629998246e-20			
Scil_g13078;Slac_ENSLPGG00000014782	1.991643228201955e-20	3.5310458308772875e-55				Scil_g3071;Slac_ENSLPGG00000021503	5.950482999888198e-18	2.2972828260652025e-10	Scil_g6477;Slac_ENSLPGG00000011166	0.0062350988250728465	5.04182772083394e-32	Scil_g4335;Slac_ENSLPGG00000007525	2.8855770379476457e-94	1.1234997919954914e-14	Scil_g2615;Slac_ENSLPGG00000027773	3.018554112396011e-70	1.946968380942947e-23	Scil_g3071;Slac_ENSLPGG00000017855	1.0325679033225275e-11	0.009399482275977176	Scil_g5780;Slac_ENSLPGG00000001139	7.2955123666667815e-19	2.1318647841890573e-07	Scil_g6803;Slac_ENSLPGG00000018391	4.0147325213091934e-71	5.576426266892998e-14			
Scil_g6719;Slac_ENSLPGG00000011839	3.0362871899514263e-161	1.90611515788076e-10				Scil_g2024;Slac_ENSLPGG00000004970	3.8482179326324794e-44	1.5238722052242332e-14	Scil_g12781;Slac_ENSLPGG00000004729	3.220845832701209e-54	3.290049794897673e-15	Scil_g1846;Slac_ENSLPGG00000022031	3.7072688851209574e-77	1.6521542134525504e-05	Scil_g13078;Slac_ENSLPGG00000014506	1.270550194124332e-16	7.072630103694185e-05	Scil_g533;Slac_ENSLPGG00000020413	1.3610475022845352e-06	5.492733183216686e-19	Scil_g11222;Slac_ENSLPGG00000007158	1.1224722807259061e-07	5.42418213709586e-07	Scil_g877;Slac_ENSLPGG00000018391	3.436755750647432e-72	5.576426266892998e-14			
Scil_g6719;Slac_ENSLPGG00000007525	3.0362871899514263e-161	1.2026125316824048e-14				Scil_g552;Slac_ENSLPGG00000010574	8.948556207135125e-95	6.755363506156361e-20	Scil_g8192;Slac_ENSLPGG00000018987	2.4409454456120322e-27	8.336789136783278e-158	Scil_g7883;Slac_ENSLPGG00000006271	1.162956500078495e-86	6.725810871771657e-11	Scil_g8192;Slac_ENSLPGG00000018987	1.4505713363105934e-09	3.791882775025262e-229	Scil_g11222;Slac_ENSLPGG00000007158	1.1224722807259061e-07	2.953747939623728e-08	Scil_g12785;Slac_ENSLPGG00000021186	2.008558209150327e-08	1.0932599746270406e-05	Scil_g8192;Slac_ENSLPGG00000018987	3.095268598195959e-25	2.6386254863590804e-208			
Scil_g9134;Slac_ENSLPGG00000002171	1.1687523273894093e-15	7.388655311919578e-20				Scil_g2024;Slac_ENSLPGG00000023276	3.8482179326324794e-44	2.5606162884543817e-13	Scil_g552;Slac_ENSLPGG00000010574	8.948556207135125e-95	1.422245420678335e-29	Scil_g8192;Slac_ENSLPGG00000018987	6.87570092868224e-33	2.6386254863590804e-208	Scil_g9850;Slac_ENSLPGG00000008750	7.256824191226701e-09	8.530991638627806e-36	Scil_g12781;Slac_ENSLPGG00000012981	3.437880698332161e-30	0.0028629292297224595	Scil_g3668;Slac_ENSLPGG00000022563	1.0437096014645338e-05	0.00032450925610476864	Scil_g7883;Slac_ENSLPGG00000019065	7.832621607869524e-72	5.413313929192906e-06			
Scil_g9750;Slac_ENSLPGG00000026194	6.723224112689725e-10	1.969891307800923e-05				Scil_g1483;Slac_ENSLPGG00000021520	2.479568833724734e-22	2.3251872846171974e-12	Scil_g12721;Slac_ENSLPGG00000026540	1.7835176393336055e-43	6.185427737645644e-61	Scil_g9786;Slac_ENSLPGG00000007134	1.8130557993007557e-88	4.668375500649287e-23	Scil_g10140;Slac_ENSLPGG00000015562	6.301139309833466e-34	0.008175833913661248	Scil_g5780;Slac_ENSLPGG00000001139	7.2955123666667815e-19	8.266041589905523e-12	Scil_g5780;Slac_ENSLPGG00000007158	7.2955123666667815e-19	5.42418213709586e-07	Scil_g2541;Slac_ENSLPGG00000014782	3.475334919449621e-07	2.216785442425679e-52			
Scil_g786;Slac_ENSLPGG00000003499	2.650741793765918e-111	0.0031864609528664224				Scil_g6477;Slac_ENSLPGG00000011166	0.0062350988250728465	6.826160582443951e-22	Scil_g2024;Slac_ENSLPGG00000004970	3.8482179326324794e-44	3.0744620372052507e-15	Scil_g11222;Slac_ENSLPGG00000021520	9.325436313824295e-14	1.1192892414117911e-44	Scil_g3071;Slac_ENSLPGG00000017855	1.9717722871071344e-22	0.0001249377116177873	Scil_g12721;Slac_ENSLPGG00000018326	0.004329319745136899	5.202538808021572e-32	Scil_g533;Slac_ENSLPGG00000020413	1.3610475022845352e-06	7.666991053356158e-08	Scil_g9786;Slac_ENSLPGG00000007134	7.761919273215384e-72	4.668375500649287e-23			
Scil_g5477;Slac_ENSLPGG00000015099	7.031449584470436e-17	1.2070220763616555e-10				Scil_g2024;Slac_ENSLPGG00000004729	3.8482179326324794e-44	2.2213542313989497e-06	Scil_g3071;Slac_ENSLPGG00000017855	5.950482999888198e-18	1.3038842899301157e-06	Scil_g20;Slac_ENSLPGG00000007525	3.034859832850301e-78	1.1234997919954914e-14	Scil_g5638;Slac_ENSLPGG00000025835	7.143601088666178e-28	7.85761304520845e-10	Scil_g5780;Slac_ENSLPGG00000007158	7.2955123666667815e-19	2.953747939623728e-08	Scil_g254;Slac_ENSLPGG00000007525	5.377227945320709e-07	1.0828951260361905e-08	Scil_g13539;Slac_ENSLPGG00000015888	2.0254017501563832e-25	1.414267117274712e-109			
Scil_g9134;Slac_ENSLPGG00000021127	1.1687523273894093e-15	1.5465846751523873e-05				Scil_g2793;Slac_ENSLPGG00000017855	1.1197019573576427e-08	0.0001944960912526415	Scil_g3808;Slac_ENSLPGG00000002140	5.286844345780048e-33	2.5221650698564867e-28	Scil_g4240;Slac_ENSLPGG00000007730	3.593482504157775e-10	1.7449377494689486e-149	Scil_g8886;Slac_ENSLPGG00000025835	3.83129526681824e-15	7.85761304520845e-10	Scil_g254;Slac_ENSLPGG00000007525	5.377227945320709e-07	5.8275722590133974e-15	Scil_g10015;Slac_ENSLPGG00000022563	1.5945296506295565e-19	0.00032450925610476864	Scil_g12659;Slac_ENSLPGG00000023276	3.7730206860198744e-07	1.4295563297452558e-07			
Scil_g9750;Slac_ENSLPGG00000012471	6.723224112689725e-10	9.012536840606819e-20				Scil_g5780;Slac_ENSLPGG00000021520	1.401077682156374e-56	2.3251872846171974e-12	Scil_g9161;Slac_ENSLPGG00000022320	2.6385043186678827e-33	5.147312153721958e-06	Scil_g1061;Slac_ENSLPGG00000014205	1.0251660571293946e-93	6.288064179825763e-09	Scil_g2024;Slac_ENSLPGG00000002251	4.646532910031047e-06	1.0703518826219367e-12	Scil_g12785;Slac_ENSLPGG00000021186	2.008558209150327e-08	1.9273999204376512e-13	Scil_g1350;Slac_ENSLPGG00000015655	1.705195044157367e-11	0.001643061116721589	Scil_g7276;Slac_ENSLPGG00000023276	1.612962360671473e-06	1.4295563297452558e-07			
Scil_g10140;Slac_ENSLPGG00000018774	7.029809022088953e-33	3.4238613652926317e-09				Scil_g9850;Slac_ENSLPGG00000011327	2.9609292285413797e-44	0.0016877695055628826	Scil_g8299;Slac_ENSLPGG00000019726	3.997779389256044e-103	9.233327271920263e-98	Scil_g7883;Slac_ENSLPGG00000007158	1.162956500078495e-86	2.0838815629998246e-20	Scil_g10108;Slac_ENSLPGG00000002251	0.007160020110211752	1.0703518826219367e-12	Scil_g10960;Slac_ENSLPGG00000012471	4.884080595258943e-12	0.003771970080327302	Scil_g8299;Slac_ENSLPGG00000019726	5.091718910913417e-21	6.70745421041514e-63	Scil_g1061;Slac_ENSLPGG00000014205	1.6531340316030627e-66	6.288064179825763e-09			
Scil_g692;Slac_ENSLPGG00000015673	0.0014196732836659232	2.7424276754677205e-11				Scil_g2609;Slac_ENSLPGG00000011839	2.496564254222248e-24	3.187901163744036e-05	Scil_g6060;Slac_ENSLPGG00000013844	1.215893018835872e-11	9.178588959256085e-176	Scil_g10508;Slac_ENSLPGG00000012949	2.434685400033953e-60	7.631737265201371e-154	Scil_g10363;Slac_ENSLPGG00000012140	0.003378878652426875	8.571097025114353e-39	Scil_g1514;Slac_ENSLPGG00000006923	1.7312943321164267e-08	0.0038925107554729542	Scil_g2756;Slac_ENSLPGG00000002171	4.3174940530384725e-05	1.992864717506652e-06	Scil_g13004;Slac_ENSLPGG00000007525	1.4319668162711407e-72	1.1234997919954914e-14			
Scil_g13279;Slac_ENSLPGG00000012949	5.893391080687706e-69	2.5981849991575668e-160				Scil_g12781;Slac_ENSLPGG00000023276	3.220845832701209e-54	2.5606162884543817e-13	Scil_g11654;Slac_ENSLPGG00000017086	4.872362971570459e-07	1.4868985767209912e-07	Scil_g1157;Slac_ENSLPGG00000014782	5.371096108950538e-15	2.216785442425679e-52	Scil_g13279;Slac_ENSLPGG00000018391	2.3352966492296317e-05	8.80674281685354e-58	Scil_g1483;Slac_ENSLPGG00000001139	0.0012291839077099105	8.266041589905523e-12	Scil_g1483;Slac_ENSLPGG00000019065	0.0012291839077099105	1.7021584360314615e-05	Scil_g13119;Slac_ENSLPGG00000019726	5.480063538325879e-60	3.1296260265785744e-53			
Scil_g9850;Slac_ENSLPGG00000008750	2.3017395799018037e-22	3.2875899999834076e-37				Scil_g721;Slac_ENSLPGG00000007429	7.585164231627284e-06	2.36273363097752e-25	Scil_g3338;Slac_ENSLPGG00000026174	3.8768835109847375e-12	0.00851023997581526	Scil_g12920;Slac_ENSLPGG00000020706	3.023684228629527e-07	0.000720612718783671	Scil_g7627;Slac_ENSLPGG00000005552	0.00020958857353505303	5.697022209628562e-08	Scil_g552;Slac_ENSLPGG00000010574	4.0455461633563806e-39	0.006184738003537365	Scil_g5592;Slac_ENSLPGG00000024879	2.096512976254654e-09	0.008126253320703276	Scil_g4223;Slac_ENSLPGG00000007525	1.8920182027213295e-72	1.1234997919954914e-14			
Scil_g13539;Slac_ENSLPGG00000015888	1.1694918522643926e-103	7.523245071031996e-10				Scil_g13127;Slac_ENSLPGG00000012140	1.1909346607224929e-09	0.0004543176273505883	Scil_g9161;Slac_ENSLPGG00000026665	2.6385043186678827e-33	0.0009624903549282697	Scil_g13004;Slac_ENSLPGG00000007525	2.5514582754827525e-91	1.1234997919954914e-14	Scil_g12529;Slac_ENSLPGG00000030431	1.0556557055860905e-05	2.9741009683390458e-05	Scil_g792;Slac_ENSLPGG00000003499	0.006771620131088703	3.421714269583402e-15	Scil_g792;Slac_ENSLPGG00000003499	0.006771620131088703	1.2846578336082924e-09	Scil_g12659;Slac_ENSLPGG00000007322	3.7730206860198744e-07	6.029827760382912e-40			
Scil_g9750;Slac_ENSLPGG00000018041	6.723224112689725e-10	0.0017530359823746317				Scil_g130;Slac_ENSLPGG00000012055	3.602006050929476e-46	0.0013159312919552733	Scil_g2939;Slac_ENSLPGG00000007325	1.0611989525191513e-05	3.439389409716167e-13	Scil_g4223;Slac_ENSLPGG00000007525	1.5956933083580732e-91	1.1234997919954914e-14	Scil_g2018;Slac_ENSLPGG00000012981	2.733722159106803e-29	1.3335247027011732e-14	Scil_g1483;Slac_ENSLPGG00000007158	0.0012291839077099105	2.953747939623728e-08	Scil_g1483;Slac_ENSLPGG00000001139	0.0012291839077099105	2.1318647841890573e-07	Scil_g4335;Slac_ENSLPGG00000007525	3.007251507353725e-67	1.1234997919954914e-14			
Scil_g130;Slac_ENSLPGG00000015888	4.569395335591736e-93	7.523245071031996e-10				Scil_g3338;Slac_ENSLPGG00000026174	3.8768835109847375e-12	0.0030597151210094153	Scil_g10086;Slac_ENSLPGG00000020504	3.0338463385256324e-05	0.0006301460132175903	Scil_g13119;Slac_ENSLPGG00000019726	9.352432746421893e-79	3.1296260265785744e-53	Scil_g6923;Slac_ENSLPGG00000001139	4.832739396701769e-10	1.7584177041274718e-41	Scil_g2756;Slac_ENSLPGG00000002171	4.3174940530384725e-05	5.7284404265097054e-06	Scil_g5407;Slac_ENSLPGG00000016023	1.2305806802776222e-07	1.109699120521113e-58	Scil_g1846;Slac_ENSLPGG00000022031	2.6571136541369326e-45	1.6521542134525504e-05			
Scil_g2018;Slac_ENSLPGG00000028392	3.0609869963813252e-15	2.5589657231536292e-05				Scil_g1098;Slac_ENSLPGG00000021520	7.599970776583826e-09	2.3251872846171974e-12	Scil_g3668;Slac_ENSLPGG00000022563	1.4998070167165875e-08	1.402635458203217e-19	Scil_g1554;Slac_ENSLPGG00000016023	1.0622230321867601e-94	6.401292896110481e-45	Scil_g9919;Slac_ENSLPGG00000001013	1.8735693346809354e-10	2.0373714997288736e-80	Scil_g11222;Slac_ENSLPGG00000019065	1.1224722807259061e-07	8.907515056546962e-05	Scil_g13000;Slac_ENSLPGG00000029928	7.815207609087598e-10	0.002355789556263397	Scil_g6273;Slac_ENSLPGG00000013844	2.4424321683639703e-10	6.327972765092445e-45			
Scil_g6326;Slac_ENSLPGG00000005065	0.0002566049795699773	2.6339753725943347e-11				Scil_g12781;Slac_ENSLPGG00000004729	3.220845832701209e-54	2.2213542313989497e-06	Scil_g10015;Slac_ENSLPGG00000022563	5.102593283167871e-54	1.402635458203217e-19	Scil_g2609;Slac_ENSLPGG00000007525	1.5111048112200333e-68	1.1234997919954914e-14	Scil_g13026;Slac_ENSLPGG00000029928	4.1779960022114285e-20	3.860286543576328e-05	Scil_g13820;Slac_ENSLPGG00000015562	9.26366351404847e-06	0.002415892140766677	Scil_g1483;Slac_ENSLPGG00000007158	0.0012291839077099105	5.42418213709586e-07	Scil_g4929;Slac_ENSLPGG00000014205	3.464830970332022e-64	6.288064179825763e-09			
Scil_g496;Slac_ENSLPGG00000027307	0.00022420019603756796	0.0030640301080179016				Scil_g2624;Slac_ENSLPGG00000026946	1.2445680806480602e-07	5.320465011171123e-34	Scil_g1483;Slac_ENSLPGG00000001139	2.479568833724734e-22	4.69500827060743e-21	Scil_g7883;Slac_ENSLPGG00000019065	1.162956500078495e-86	5.413313929192906e-06	Scil_g13279;Slac_ENSLPGG00000012949	2.3352966492296317e-05	9.33088039317304e-176	Scil_g480;Slac_ENSLPGG00000010615	9.384978148648062e-11	1.0796319144187866e-10	Scil_g3316;Slac_ENSLPGG00000004765	3.71728985322608e-20	0.0022881634229067285	Scil_g20;Slac_ENSLPGG00000007525	1.560667198226129e-53	1.1234997919954914e-14			
Scil_g11447;Slac_ENSLPGG00000008750	4.092936753533095e-05	3.2875899999834076e-37				Scil_g428;Slac_ENSLPGG00000008220	1.1757209573410568e-27	4.726282953830286e-155	Scil_g8186;Slac_ENSLPGG00000018391	2.027576154248112e-06	1.2564638542575937e-72	Scil_g12659;Slac_ENSLPGG00000023276	1.7832643797370186e-06	1.4295563297452558e-07	Scil_g2018;Slac_ENSLPGG00000015631	2.733722159106803e-29	0.003778735700775536	Scil_g2024;Slac_ENSLPGG00000012981	5.342744137071231e-11	0.0028629292297224595	Scil_g9919;Slac_ENSLPGG00000001013	0.0031821381551989307	0.0010332139069882398	Scil_g4240;Slac_ENSLPGG00000007730	7.94947822143419e-06	1.7449377494689486e-149			
Scil_g12335;Slac_ENSLPGG00000009625	8.988864806702545e-09	5.0913304307575685e-05				Scil_g6432;Slac_ENSLPGG00000001593	1.6907770673504376e-61	1.0189797798161021e-11	Scil_g8192;Slac_ENSLPGG00000007525	2.4409454456120322e-27	2.4280532106859597e-36	Scil_g7276;Slac_ENSLPGG00000023276	6.0911677932161244e-06	1.4295563297452558e-07	Scil_g8192;Slac_ENSLPGG00000007730	1.4505713363105934e-09	1.5161634843722148e-162	Scil_g5780;Slac_ENSLPGG00000019065	7.2955123666667815e-19	8.907515056546962e-05	Scil_g6182;Slac_ENSLPGG00000021186	0.004128846139921027	1.0932599746270406e-05	Scil_g1554;Slac_ENSLPGG00000016023	4.715836454019465e-72	6.401292896110481e-45			
Scil_g9750;Slac_ENSLPGG00000010273	6.723224112689725e-10	1.6978492039766335e-05				Scil_g1483;Slac_ENSLPGG00000001139	2.479568833724734e-22	1.4494333720685917e-24	Scil_g9850;Slac_ENSLPGG00000011327	2.9609292285413797e-44	0.002660359306382542	Scil_g711;Slac_ENSLPGG00000012140	1.6403300221547616e-14	0.0011067438588838036	Scil_g13539;Slac_ENSLPGG00000011536	3.801568702753414e-10	0.005230032865004775	Scil_g5407;Slac_ENSLPGG00000016023	1.2305806802776222e-07	1.3017450756172705e-60	Scil_g8187;Slac_ENSLPGG00000001013	0.0035819223353641314	0.0010332139069882398	Scil_g2609;Slac_ENSLPGG00000007525	5.680645443935824e-44	1.1234997919954914e-14			
Scil_g7991;Slac_ENSLPGG00000026673	3.841187617541146e-06	0.00042711768069751254				Scil_g792;Slac_ENSLPGG00000030274	4.502169748278949e-85	0.001650288564594962	Scil_g3806;Slac_ENSLPGG00000011166	3.452312820229575e-05	5.04182772083394e-32	Scil_g12509;Slac_ENSLPGG00000009453	0.0007866762903271074	1.4756910295882177e-48	Scil_g10843;Slac_ENSLPGG00000008220	2.441499187975903e-68	0.0008756707499995294	Scil_g8299;Slac_ENSLPGG00000019726	5.091718910913417e-21	1.0499234582526835e-42	Scil_g7476;Slac_ENSLPGG00000007134	0.009847313850176034	0.0003632383992105996	Scil_g12599;Slac_ENSLPGG00000002394	6.341065114787564e-42	1.2624455340248748e-06			
Scil_g9750;Slac_ENSLPGG00000026948	6.723224112689725e-10	0.005553210951833313				Scil_g3071;Slac_ENSLPGG00000017855	5.950482999888198e-18	0.0001944960912526415	Scil_g10960;Slac_ENSLPGG00000000921	7.697874836345238e-14	2.3931149398632247e-20	Scil_g4929;Slac_ENSLPGG00000012981	9.60239209900516e-95	8.513066735387627e-07	Scil_g2820;Slac_ENSLPGG00000012140	2.0116989466359346e-05	8.571097025114353e-39	Scil_g8192;Slac_ENSLPGG00000011839	1.908173929108026e-09	0.0016410694167748663	Scil_g980;Slac_ENSLPGG00000015655	0.00601410783628935	0.001643061116721589	Scil_g1061;Slac_ENSLPGG00000012981	1.6531340316030627e-66	8.513066735387627e-07			
Scil_g11800;Slac_ENSLPGG00000021800	1.0041857827887783e-77	1.243255156074208e-25				Scil_g6060;Slac_ENSLPGG00000013844	1.215893018835872e-11	1.7058538510207692e-102	Scil_g6432;Slac_ENSLPGG00000001593	1.6907770673504376e-61	6.64209136246941e-10	Scil_g12509;Slac_ENSLPGG00000011327	0.0007866762903271074	0.004116007346990355	Scil_g1483;Slac_ENSLPGG00000001139	4.085735599763043e-06	1.7584177041274718e-41	Scil_g5592;Slac_ENSLPGG00000024879	2.096512976254654e-09	7.476193500263282e-06				Scil_g13004;Slac_ENSLPGG00000011839	1.4319668162711407e-72	0.00611186985166198			
Scil_g721;Slac_ENSLPGG00000016523	1.2265829150867528e-69	0.00036903692952223847				Scil_g1483;Slac_ENSLPGG00000007158	2.479568833724734e-22	1.2305328596950784e-25	Scil_g7728;Slac_ENSLPGG00000007104	3.3310640983283895e-09	1.1013325515884864e-22	Scil_g10508;Slac_ENSLPGG00000018391	2.434685400033953e-60	5.576426266892998e-14	Scil_g3460;Slac_ENSLPGG00000006723	0.0030212586922886246	1.572662634197501e-36	Scil_g9919;Slac_ENSLPGG00000001013	0.0031821381551989307	1.0295866836221565e-09				Scil_g4223;Slac_ENSLPGG00000011839	1.8920182027213295e-72	0.00611186985166198			
Scil_g11204;Slac_ENSLPGG00000028225	0.00020076639837232285	4.421597973650588e-05				Scil_g5780;Slac_ENSLPGG00000001139	1.401077682156374e-56	1.4494333720685917e-24	Scil_g2624;Slac_ENSLPGG00000026946	1.2445680806480602e-07	3.286635396562452e-29	Scil_g12659;Slac_ENSLPGG00000007322	1.7832643797370186e-06	6.029827760382912e-40	Scil_g130;Slac_ENSLPGG00000011536	3.2104504713687346e-09	0.005230032865004775	Scil_g3316;Slac_ENSLPGG00000004765	3.71728985322608e-20	0.0022173047821719837				Scil_g4517;Slac_ENSLPGG00000005542	1.596873247019166e-10	2.2155380793958537e-16			
Scil_g10108;Slac_ENSLPGG00000028392	8.192761731090963e-05	2.5589657231536292e-05				Scil_g12785;Slac_ENSLPGG00000010854	1.6615381302058852e-07	0.0011755140317752015	Scil_g5780;Slac_ENSLPGG00000001139	1.401077682156374e-56	4.69500827060743e-21	Scil_g9009;Slac_ENSLPGG00000015421	0.0009554653354400082	1.6640067240340393e-10	Scil_g6923;Slac_ENSLPGG00000003645	4.832739396701769e-10	6.37289842198441e-13	Scil_g1483;Slac_ENSLPGG00000019065	0.0012291839077099105	8.907515056546962e-05				Scil_g8192;Slac_ENSLPGG00000007730	3.095268598195959e-25	1.7449377494689486e-149			
Scil_g10960;Slac_ENSLPGG00000026194	1.7814275668616436e-13	1.969891307800923e-05				Scil_g8186;Slac_ENSLPGG00000018391	2.027576154248112e-06	1.4325407164863737e-45	Scil_g721;Slac_ENSLPGG00000016523	7.585164231627284e-06	4.931625755713096e-10	Scil_g12599;Slac_ENSLPGG00000002394	4.173021689879131e-75	1.2624455340248748e-06	Scil_g4725;Slac_ENSLPGG00000022031	0.000998381218287609	6.099419038603397e-08	Scil_g863;Slac_ENSLPGG00000010615	0.002071761114430589	1.0796319144187866e-10				Scil_g4335;Slac_ENSLPGG00000011839	3.007251507353725e-67	0.00611186985166198			
Scil_g1169;Slac_ENSLPGG00000019562	7.478794001133331e-10	9.555645796349475e-10				Scil_g13000;Slac_ENSLPGG00000029928	7.650787255511761e-23	6.445548881118811e-26	Scil_g1483;Slac_ENSLPGG00000007158	2.479568833724734e-22	1.965018913530473e-21	Scil_g4335;Slac_ENSLPGG00000011839	2.8855770379476457e-94	0.00611186985166198	Scil_g6923;Slac_ENSLPGG00000007158	4.832739396701769e-10	2.3171329481883538e-23	Scil_g2151;Slac_ENSLPGG00000006993	4.738007829529823e-09	5.766858204176753e-05				Scil_g10508;Slac_ENSLPGG00000012949	1.4665814847050853e-15	7.631737265201371e-154			
Scil_g8192;Slac_ENSLPGG00000007730	1.1319454415633238e-06	1.131600810454147e-278				Scil_g5780;Slac_ENSLPGG00000007158	1.401077682156374e-56	1.2305328596950784e-25	Scil_g1350;Slac_ENSLPGG00000007955	1.7852689279252667e-48	0.00014151882699190365	Scil_g8991;Slac_ENSLPGG00000018391	8.077586658047253e-05	5.576426266892998e-14	Scil_g4725;Slac_ENSLPGG00000002171	0.000998381218287609	2.040331509655993e-20	Scil_g1638;Slac_ENSLPGG00000027899	0.00015943080970602316	3.5414293844494496e-05				Scil_g20;Slac_ENSLPGG00000011839	1.560667198226129e-53	0.00611186985166198			
Scil_g9850;Slac_ENSLPGG00000009453	2.3017395799018037e-22	3.1604583026530097e-28				Scil_g3806;Slac_ENSLPGG00000011166	3.452312820229575e-05	6.826160582443951e-22	Scil_g428;Slac_ENSLPGG00000008220	1.1757209573410568e-27	2.790707462165623e-142	Scil_g1061;Slac_ENSLPGG00000012981	1.0251660571293946e-93	8.513066735387627e-07	Scil_g3637;Slac_ENSLPGG00000013069	2.2448209558247724e-05	5.0113952813723e-05	Scil_g5780;Slac_ENSLPGG00000003645	7.2955123666667815e-19	0.0024297749038857896				Scil_g12659;Slac_ENSLPGG00000014205	3.7730206860198744e-07	6.288064179825763e-09			
Scil_g5859;Slac_ENSLPGG00000021910	1.1638304495251563e-10	0.002140338487350159				Scil_g7476;Slac_ENSLPGG00000007134	1.6962499319957996e-22	9.037150733713786e-49	Scil_g2622;Slac_ENSLPGG00000015631	3.030870204098419e-17	1.9985066974402838e-16	Scil_g20;Slac_ENSLPGG00000011839	3.034859832850301e-78	0.00611186985166198	Scil_g2253;Slac_ENSLPGG00000008220	6.478494392866644e-35	0.0008756707499995294	Scil_g2679;Slac_ENSLPGG00000008029	6.451736882000984e-05	0.0006989136754553602				Scil_g4929;Slac_ENSLPGG00000012981	3.464830970332022e-64	8.513066735387627e-07			
Scil_g13259;Slac_ENSLPGG00000002171	0.0019587669444009245	7.388655311919578e-20				Scil_g9161;Slac_ENSLPGG00000026665	2.6385043186678827e-33	0.0005594298294001904	Scil_g5407;Slac_ENSLPGG00000016023	4.849384633143921e-38	3.9859421032837844e-120	Scil_g5888;Slac_ENSLPGG00000020470	7.570274345774542e-89	0.0026781387316083716	Scil_g12529;Slac_ENSLPGG00000024511	1.0556557055860905e-05	0.0013973110254201315	Scil_g3056;Slac_ENSLPGG00000012471	1.5788364300755796e-05	0.003771970080327302				Scil_g5888;Slac_ENSLPGG00000020470	2.065002902194461e-51	0.0026781387316083716			
Scil_g8299;Slac_ENSLPGG00000019726	2.689349422758425e-30	0.0				Scil_g3808;Slac_ENSLPGG00000002140	5.286844345780048e-33	2.465789419242768e-11	Scil_g3338;Slac_ENSLPGG00000028645	3.8768835109847375e-12	0.001151647880758861	Scil_g6273;Slac_ENSLPGG00000013844	2.3328830650530948e-07	6.327972765092445e-45	Scil_g1483;Slac_ENSLPGG00000007158	4.085735599763043e-06	2.3171329481883538e-23	Scil_g980;Slac_ENSLPGG00000015655	0.00601410783628935	0.00021136649384652376				Scil_g5888;Slac_ENSLPGG00000012471	2.065002902194461e-51	0.0005192764684538317			
Scil_g3271;Slac_ENSLPGG00000004239	2.0666784367705663e-09	1.002188415802102e-05				Scil_g8192;Slac_ENSLPGG00000007525	2.4409454456120322e-27	3.5619051390972777e-23	Scil_g13000;Slac_ENSLPGG00000029928	7.650787255511761e-23	5.964734464321405e-23	Scil_g6477;Slac_ENSLPGG00000011166	2.5496012144317233e-10	1.1662929005977234e-06	Scil_g6358;Slac_ENSLPGG00000022031	4.495018191693717e-06	6.099419038603397e-08	Scil_g254;Slac_ENSLPGG00000011839	5.377227945320709e-07	0.0016410694167748663				Scil_g5254;Slac_ENSLPGG00000002171	0.005356450352588373	2.0039843010385572e-48			
Scil_g8192;Slac_ENSLPGG00000018987	1.1319454415633238e-06	1.3501043026864786e-122				Scil_g2024;Slac_ENSLPGG00000012981	3.8482179326324794e-44	3.131393800435421e-11	Scil_g5780;Slac_ENSLPGG00000007158	1.401077682156374e-56	1.965018913530473e-21	Scil_g5888;Slac_ENSLPGG00000012471	7.570274345774542e-89	0.0005192764684538317	Scil_g6923;Slac_ENSLPGG00000006271	4.832739396701769e-10	3.1018371628481413e-06	Scil_g6182;Slac_ENSLPGG00000021186	0.004128846139921027	1.9273999204376512e-13				Scil_g4240;Slac_ENSLPGG00000007525	7.94947822143419e-06	1.1234997919954914e-14			
Scil_g5104;Slac_ENSLPGG00000008750	1.3385190593660316e-11	3.2875899999834076e-37				Scil_g721;Slac_ENSLPGG00000016523	7.585164231627284e-06	7.460571249454539e-10	Scil_g2615;Slac_ENSLPGG00000027773	1.3588690071563008e-97	0.0006305903810572271	Scil_g4240;Slac_ENSLPGG00000007525	3.593482504157775e-10	1.1234997919954914e-14	Scil_g6358;Slac_ENSLPGG00000002171	4.495018191693717e-06	2.040331509655993e-20	Scil_g8187;Slac_ENSLPGG00000001013	0.0035819223353641314	1.0295866836221565e-09				Scil_g2609;Slac_ENSLPGG00000011839	5.680645443935824e-44	0.00611186985166198			
Scil_g721;Slac_ENSLPGG00000007429	1.2265829150867528e-69	0.0024369279596928484				Scil_g10960;Slac_ENSLPGG00000010273	7.697874836345238e-14	1.4736923783815982e-11	Scil_g1098;Slac_ENSLPGG00000007158	7.599970776583826e-09	1.965018913530473e-21	Scil_g130;Slac_ENSLPGG00000008987	1.4146731984658691e-66	0.005751196968137072	Scil_g947;Slac_ENSLPGG00000006175	4.126847869522122e-16	0.003176804712407504	Scil_g8569;Slac_ENSLPGG00000010551	1.9025431659339974e-05	0.0006940261241552783				Scil_g8941;Slac_ENSLPGG00000008885	2.295751083596078e-15	0.0008094735825056095			
Scil_g2018;Slac_ENSLPGG00000014205	3.0609869963813252e-15	8.529006203565522e-47				Scil_g3338;Slac_ENSLPGG00000028645	3.8768835109847375e-12	0.0062503156199557545	Scil_g7476;Slac_ENSLPGG00000007134	1.6962499319957996e-22	4.5735235615341203e-41	Scil_g13004;Slac_ENSLPGG00000011839	2.5514582754827525e-91	0.00611186985166198	Scil_g2475;Slac_ENSLPGG00000015293	3.280825016652046e-05	0.0003798293968597521	Scil_g2679;Slac_ENSLPGG00000028207	6.451736882000984e-05	0.002200414253468723				Scil_g5254;Slac_ENSLPGG00000016891	0.005356450352588373	1.1066745948069943e-10			
Scil_g1810;Slac_ENSLPGG00000014172	1.8056311860152903e-21	9.057695077875531e-07				Scil_g5407;Slac_ENSLPGG00000016023	4.849384633143921e-38	5.2244029442935016e-98	Scil_g2024;Slac_ENSLPGG00000012981	3.8482179326324794e-44	1.425866129975506e-17	Scil_g4223;Slac_ENSLPGG00000011839	1.5956933083580732e-91	0.00611186985166198	Scil_g2756;Slac_ENSLPGG00000022031	0.0004767352567340763	6.099419038603397e-08							Scil_g5761;Slac_ENSLPGG00000012632	5.093190979129437e-08	2.7001608366897018e-17			
Scil_g2615;Slac_ENSLPGG00000027773	8.659425700052678e-51	2.3067353164999476e-32				Scil_g5780;Slac_ENSLPGG00000003645	1.401077682156374e-56	2.455428195900785e-11	Scil_g3316;Slac_ENSLPGG00000004765	2.531520629243094e-69	4.857855965547903e-16	Scil_g13539;Slac_ENSLPGG00000008987	3.8710966832846466e-62	0.005751196968137072	Scil_g8192;Slac_ENSLPGG00000007525	1.4505713363105934e-09	3.993170464153228e-16							Scil_g1846;Slac_ENSLPGG00000021127	2.6571136541369326e-45	0.009342612883849542			
Scil_g2667;Slac_ENSLPGG00000007158	1.213546492040107e-09	3.4393842705479424e-25				Scil_g1098;Slac_ENSLPGG00000007158	7.599970776583826e-09	1.2305328596950784e-25	Scil_g4131;Slac_ENSLPGG00000018774	0.00196209406172658	2.4166258980482844e-09	Scil_g5627;Slac_ENSLPGG00000012140	5.532503098103706e-06	0.0011067438588838036	Scil_g12785;Slac_ENSLPGG00000008996	2.3296876787399272e-06	2.383566135459776e-06							Scil_g130;Slac_ENSLPGG00000008987	1.1639739734115758e-43	0.005751196968137072			
Scil_g10960;Slac_ENSLPGG00000012471	1.7814275668616436e-13	9.012536840606819e-20				Scil_g402;Slac_ENSLPGG00000010506	0.0003005960655922788	1.6813378010395353e-09	Scil_g12781;Slac_ENSLPGG00000012981	3.220845832701209e-54	1.425866129975506e-17	Scil_g8192;Slac_ENSLPGG00000007730	6.87570092868224e-33	1.7449377494689486e-149	Scil_g2793;Slac_ENSLPGG00000017855	0.009881073541213904	0.0001249377116177873							Scil_g5780;Slac_ENSLPGG00000001139	7.726719165322015e-45	1.364164359996385e-34			
Scil_g5780;Slac_ENSLPGG00000001139	3.2348683259580126e-27	1.5864479285115916e-66				Scil_g5970;Slac_ENSLPGG00000019726	0.00876853202494436	1.6706628061377998e-112	Scil_g6477;Slac_ENSLPGG00000009324	0.0062350988250728465	0.0032146804795755626	Scil_g1846;Slac_ENSLPGG00000021127	3.7072688851209574e-77	0.009342612883849542	Scil_g8299;Slac_ENSLPGG00000019726	1.2100150610866985e-15	3.693794179985513e-95							Scil_g5780;Slac_ENSLPGG00000006271	7.726719165322015e-45	6.725810871771657e-11			
Scil_g13026;Slac_ENSLPGG00000029928	1.0858709037481048e-15	1.133641503252008e-12				Scil_g10960;Slac_ENSLPGG00000000921	7.697874836345238e-14	4.959771898176181e-14	Scil_g5780;Slac_ENSLPGG00000003645	1.401077682156374e-56	6.4337355297277255e-09	Scil_g2609;Slac_ENSLPGG00000011839	1.5111048112200333e-68	0.00611186985166198	Scil_g12785;Slac_ENSLPGG00000021186	2.3296876787399272e-06	1.5866616825505543e-23							Scil_g10508;Slac_ENSLPGG00000018391	1.4665814847050853e-15	5.576426266892998e-14			
Scil_g176;Slac_ENSLPGG00000006340	4.6128602470137076e-46	0.00019700462985319765				Scil_g1350;Slac_ENSLPGG00000007955	1.7852689279252667e-48	0.007386783815123632	Scil_g2475;Slac_ENSLPGG00000015293	3.0939704374754477e-07	1.2577896648206847e-10	Scil_g5761;Slac_ENSLPGG00000012632	5.934859529223012e-10	2.7001608366897018e-17	Scil_g2756;Slac_ENSLPGG00000002171	0.0004767352567340763	2.040331509655993e-20							Scil_g5780;Slac_ENSLPGG00000007158	7.726719165322015e-45	2.0838815629998246e-20			
Scil_g8851;Slac_ENSLPGG00000026194	5.351413959374844e-05	1.969891307800923e-05				Scil_g2939;Slac_ENSLPGG00000007325	1.0611989525191513e-05	6.157960893801338e-07	Scil_g1483;Slac_ENSLPGG00000019065	2.479568833724734e-22	4.280743164546749e-06	Scil_g8941;Slac_ENSLPGG00000008885	9.28739523794013e-15	0.0008094735825056095	Scil_g6427;Slac_ENSLPGG00000009456	0.0038813036213638575	2.941187808203476e-10							Scil_g13539;Slac_ENSLPGG00000008987	2.0254017501563832e-25	0.005751196968137072			
Scil_g1047;Slac_ENSLPGG00000015631	0.0001008054776948121	1.3544945094291961e-13				Scil_g12781;Slac_ENSLPGG00000012981	3.220845832701209e-54	3.131393800435421e-11	Scil_g10960;Slac_ENSLPGG00000010273	7.697874836345238e-14	2.9181703033897673e-09	Scil_g12659;Slac_ENSLPGG00000014205	1.7832643797370186e-06	6.288064179825763e-09	Scil_g2024;Slac_ENSLPGG00000004729	4.646532910031047e-06	2.757012332639792e-10							Scil_g8192;Slac_ENSLPGG00000007525	3.095268598195959e-25	1.1234997919954914e-14			
Scil_g5864;Slac_ENSLPGG00000019900	0.0003760413837692521	0.008330418155149743				Scil_g2615;Slac_ENSLPGG00000027773	1.3588690071563008e-97	0.002449408524435611	Scil_g3632;Slac_ENSLPGG00000013990	3.488081111876346e-12	8.396529193092423e-12	Scil_g4240;Slac_ENSLPGG00000011839	3.593482504157775e-10	0.00611186985166198	Scil_g1098;Slac_ENSLPGG00000007158	0.00827391027704454	2.3171329481883538e-23							Scil_g7276;Slac_ENSLPGG00000012981	1.612962360671473e-06	8.513066735387627e-07			
Scil_g2550;Slac_ENSLPGG00000015631	0.00018597690863606623	1.3544945094291961e-13				Scil_g3316;Slac_ENSLPGG00000004765	2.531520629243094e-69	1.711222440657744e-10	Scil_g2024;Slac_ENSLPGG00000030375	3.8482179326324794e-44	0.002058471191555939	Scil_g5780;Slac_ENSLPGG00000001139	2.9711931366042666e-50	1.364164359996385e-34	Scil_g428;Slac_ENSLPGG00000008220	5.021405377734626e-36	0.0008756707499995294							Scil_g5780;Slac_ENSLPGG00000003645	7.726719165322015e-45	1.6653069253683454e-07			
Scil_g10960;Slac_ENSLPGG00000000921	1.7814275668616436e-13	1.3554892344563593e-12				Scil_g2024;Slac_ENSLPGG00000030375	3.8482179326324794e-44	0.00031005803561051735	Scil_g5970;Slac_ENSLPGG00000019726	0.00876853202494436	9.233327271920263e-98	Scil_g5780;Slac_ENSLPGG00000006271	2.9711931366042666e-50	6.725810871771657e-11	Scil_g1483;Slac_ENSLPGG00000006271	4.085735599763043e-06	3.1018371628481413e-06							Scil_g5780;Slac_ENSLPGG00000019065	7.726719165322015e-45	5.413313929192906e-06			
Scil_g13259;Slac_ENSLPGG00000021127	0.0019587669444009245	1.5465846751523873e-05				Scil_g11222;Slac_ENSLPGG00000021520	5.013830628113789e-07	2.3251872846171974e-12	Scil_g8192;Slac_ENSLPGG00000011839	2.4409454456120322e-27	2.3607637339619418e-11	Scil_g2024;Slac_ENSLPGG00000023276	9.755691899743128e-10	1.4295563297452558e-07	Scil_g8187;Slac_ENSLPGG00000001013	0.009348253562345503	2.0373714997288736e-80							Scil_g10162;Slac_ENSLPGG00000004269	2.0809344177039645e-14	0.0017560705643623906			
Scil_g11222;Slac_ENSLPGG00000001139	1.1918429997624423e-07	1.5864479285115916e-66				Scil_g1483;Slac_ENSLPGG00000019065	2.479568833724734e-22	3.1496785989591547e-07	Scil_g13820;Slac_ENSLPGG00000018774	2.3448594471839515e-08	2.4166258980482844e-09	Scil_g10162;Slac_ENSLPGG00000004269	2.179014578327991e-26	0.0017560705643623906	Scil_g552;Slac_ENSLPGG00000010574	1.829316733864634e-14	1.771231631264135e-06							Scil_g5254;Slac_ENSLPGG00000022031	0.005356450352588373	1.6521542134525504e-05			
Scil_g929;Slac_ENSLPGG00000015631	0.0006739606382448352	1.3544945094291961e-13				Scil_g5520;Slac_ENSLPGG00000013069	2.09591889875815e-25	4.510390699375658e-16	Scil_g4131;Slac_ENSLPGG00000020178	0.00196209406172658	5.203780196752114e-10	Scil_g5780;Slac_ENSLPGG00000007158	2.9711931366042666e-50	2.0838815629998246e-20	Scil_g3056;Slac_ENSLPGG00000010273	2.0628480496730304e-08	7.696669701701013e-06							Scil_g4240;Slac_ENSLPGG00000011839	7.94947822143419e-06	0.00611186985166198			
Scil_g8183;Slac_ENSLPGG00000002171	7.136238196514838e-05	7.388655311919578e-20				Scil_g10015;Slac_ENSLPGG00000022563	5.102593283167871e-54	6.237240578969627e-07	Scil_g5780;Slac_ENSLPGG00000019065	1.401077682156374e-56	4.280743164546749e-06	Scil_g8192;Slac_ENSLPGG00000007525	6.87570092868224e-33	1.1234997919954914e-14	Scil_g2024;Slac_ENSLPGG00000004970	4.646532910031047e-06	2.6538517025404042e-08							Scil_g980;Slac_ENSLPGG00000023276	0.0011989583053217798	1.4295563297452558e-07			
Scil_g10669;Slac_ENSLPGG00000026194	0.003749453953567109	1.969891307800923e-05				Scil_g10960;Slac_ENSLPGG00000012471	7.697874836345238e-14	3.25051042436473e-08	Scil_g2024;Slac_ENSLPGG00000023276	3.8482179326324794e-44	5.006232055107248e-07	Scil_g11222;Slac_ENSLPGG00000001139	9.325436313824295e-14	1.364164359996385e-34	Scil_g2624;Slac_ENSLPGG00000026946	1.365660569752361e-10	0.0030641082345340387							Scil_g8220;Slac_ENSLPGG00000009456	0.002463770589505183	5.660643526030502e-31			
Scil_g2624;Slac_ENSLPGG00000026946	4.1002142457421344e-13	1.0178599160302201e-15				Scil_g5520;Slac_ENSLPGG00000014037	2.09591889875815e-25	2.8937728943288984e-19	Scil_g6487;Slac_ENSLPGG00000023112	2.6902999857811382e-25	6.821266047565433e-14	Scil_g11222;Slac_ENSLPGG00000006271	9.325436313824295e-14	6.725810871771657e-11	Scil_g10960;Slac_ENSLPGG00000010273	3.516281539997559e-05	7.696669701701013e-06							Scil_g5761;Slac_ENSLPGG00000012744	5.093190979129437e-08	0.002662226552472541			
Scil_g10363;Slac_ENSLPGG00000019859	1.7683703946708102e-19	0.0011397536544584786				Scil_g2475;Slac_ENSLPGG00000015293	3.0939704374754477e-07	3.0288120931539586e-07	Scil_g8186;Slac_ENSLPGG00000018774	2.027576154248112e-06	2.4166258980482844e-09	Scil_g11222;Slac_ENSLPGG00000007158	9.325436313824295e-14	2.0838815629998246e-20	Scil_g10363;Slac_ENSLPGG00000014139	0.003378878652426875	0.0038658422956780927							Scil_g2820;Slac_ENSLPGG00000012140	7.937987451962361e-22	0.0011067438588838036			
Scil_g3056;Slac_ENSLPGG00000026194	1.3731224023390558e-07	1.969891307800923e-05				Scil_g5780;Slac_ENSLPGG00000019065	1.401077682156374e-56	3.1496785989591547e-07	Scil_g11447;Slac_ENSLPGG00000009116	0.0011988833990713961	1.187914787539918e-27	Scil_g5780;Slac_ENSLPGG00000003645	2.9711931366042666e-50	1.6653069253683454e-07	Scil_g6432;Slac_ENSLPGG00000001593	5.779599212333483e-13	2.610966808913046e-05							Scil_g980;Slac_ENSLPGG00000030375	0.0011989583053217798	0.0009062360447060605			
Scil_g2018;Slac_ENSLPGG00000015631	3.0609869963813252e-15	1.3544945094291961e-13				Scil_g7865;Slac_ENSLPGG00000019578	3.759490286505337e-12	0.0005401379704453665	Scil_g1098;Slac_ENSLPGG00000019065	7.599970776583826e-09	4.280743164546749e-06	Scil_g2024;Slac_ENSLPGG00000030375	9.755691899743128e-10	0.0009062360447060605	Scil_g1514;Slac_ENSLPGG00000006923	5.502436503021031e-16	0.0014798030848324195							Scil_g2822;Slac_ENSLPGG00000006723	1.2046246500420255e-06	1.479064500876953e-17			
Scil_g2938;Slac_ENSLPGG00000008036	4.216202562209187e-05	1.1540325819341644e-21				Scil_g3668;Slac_ENSLPGG00000022563	1.4998070167165875e-08	6.237240578969627e-07	Scil_g12781;Slac_ENSLPGG00000023276	3.220845832701209e-54	5.006232055107248e-07	Scil_g5780;Slac_ENSLPGG00000019065	2.9711931366042666e-50	5.413313929192906e-06	Scil_g6923;Slac_ENSLPGG00000019065	4.832739396701769e-10	0.002143493550466423							Scil_g11587;Slac_ENSLPGG00000005542	4.192068481728588e-05	2.2155380793958537e-16			
Scil_g13697;Slac_ENSLPGG00000028969	0.001980450370936841	3.0281616059030917e-12				Scil_g4131;Slac_ENSLPGG00000020178	0.00196209406172658	4.7379811227545295e-07	Scil_g10960;Slac_ENSLPGG00000012471	7.697874836345238e-14	8.124978717659955e-08	Scil_g3668;Slac_ENSLPGG00000022563	2.750057294290493e-15	3.4434726359320087e-06	Scil_g8192;Slac_ENSLPGG00000011839	1.4505713363105934e-09	6.039500918035304e-05							Scil_g8192;Slac_ENSLPGG00000011839	3.095268598195959e-25	0.00611186985166198			
Scil_g2667;Slac_ENSLPGG00000019065	1.213546492040107e-09	3.613082416273542e-08				Scil_g6487;Slac_ENSLPGG00000023112	2.6902999857811382e-25	1.2280498929779551e-08	Scil_g1483;Slac_ENSLPGG00000006271	2.479568833724734e-22	9.73403041830119e-05	Scil_g5761;Slac_ENSLPGG00000012744	5.934859529223012e-10	0.002662226552472541	Scil_g8851;Slac_ENSLPGG00000020470	0.0013186114376195319	0.005200025809404252							Scil_g8187;Slac_ENSLPGG00000001013	0.0026024483794617813	2.7387518804066343e-75			
Scil_g3632;Slac_ENSLPGG00000013990	1.0004906568125788e-15	4.092429008726915e-10				Scil_g1483;Slac_ENSLPGG00000006271	2.479568833724734e-22	0.00010329686300105768	Scil_g1483;Slac_ENSLPGG00000021520	2.479568833724734e-22	0.001418103085264237	Scil_g2820;Slac_ENSLPGG00000012140	3.9657895423737085e-29	0.0011067438588838036	Scil_g1098;Slac_ENSLPGG00000006271	0.00827391027704454	3.1018371628481413e-06							Scil_g13000;Slac_ENSLPGG00000029928	4.8053426804416345e-37	0.009521336134590821			
Scil_g428;Slac_ENSLPGG00000008220	3.53638816872691e-50	3.053105731426932e-24				Scil_g6923;Slac_ENSLPGG00000021520	0.0007496312067256761	2.3251872846171974e-12	Scil_g7865;Slac_ENSLPGG00000019578	3.759490286505337e-12	0.0048945557979933815	Scil_g7276;Slac_ENSLPGG00000012981	6.0911677932161244e-06	8.513066735387627e-07	Scil_g9674;Slac_ENSLPGG00000010273	0.0007343807069236559	7.696669701701013e-06							Scil_g3668;Slac_ENSLPGG00000022563	1.4928136181561929e-07	3.4434726359320087e-06			
Scil_g7476;Slac_ENSLPGG00000007134	0.00014123194349380583	1.723130318275879e-92				Scil_g6477;Slac_ENSLPGG00000009324	0.0062350988250728465	0.0016273209584915234	Scil_g402;Slac_ENSLPGG00000010506	0.0003005960655922788	1.263049125259277e-07	Scil_g13024;Slac_ENSLPGG00000029928	3.6879272146840085e-16	0.009521336134590821	Scil_g3056;Slac_ENSLPGG00000020470	2.0628480496730304e-08	0.005200025809404252							Scil_g11616;Slac_ENSLPGG00000003818	0.002941255425821128	0.004262066830711639			
Scil_g9919;Slac_ENSLPGG00000006340	7.99159855313051e-09	0.00019700462985319765				Scil_g8186;Slac_ENSLPGG00000020178	2.027576154248112e-06	4.7379811227545295e-07	Scil_g12785;Slac_ENSLPGG00000021186	1.6615381302058852e-07	3.5927119594215055e-24	Scil_g11222;Slac_ENSLPGG00000019065	9.325436313824295e-14	5.413313929192906e-06	Scil_g12865;Slac_ENSLPGG00000023608	1.3808669513324088e-08	0.003031234032842293							Scil_g3808;Slac_ENSLPGG00000002140	4.548895433806986e-16	5.5918815821433435e-06			
Scil_g11447;Slac_ENSLPGG00000009116	4.092936753533095e-05	6.14592868531139e-18				Scil_g1098;Slac_ENSLPGG00000019065	7.599970776583826e-09	3.1496785989591547e-07	Scil_g10960;Slac_ENSLPGG00000015112	7.697874836345238e-14	6.110427182401843e-06	Scil_g8192;Slac_ENSLPGG00000011839	6.87570092868224e-33	0.00611186985166198	Scil_g13539;Slac_ENSLPGG00000015888	3.801568702753414e-10	5.421831364350314e-05							Scil_g10339;Slac_ENSLPGG00000003818	0.004252384725326189	0.004262066830711639			
Scil_g5780;Slac_ENSLPGG00000007158	3.2348683259580126e-27	3.4393842705479424e-25				Scil_g5780;Slac_ENSLPGG00000006271	1.401077682156374e-56	0.00010329686300105768	Scil_g402;Slac_ENSLPGG00000013283	0.0003005960655922788	3.255600133488331e-09	Scil_g11587;Slac_ENSLPGG00000005542	0.001308213787946087	2.2155380793958537e-16	Scil_g6182;Slac_ENSLPGG00000008996	6.54132555884722e-05	2.383566135459776e-06							Scil_g2151;Slac_ENSLPGG00000006993	8.91704441277099e-15	1.2913246968418005e-09			
Scil_g647;Slac_ENSLPGG00000019384	0.00029538876298533675	0.0014562631862502784				Scil_g4725;Slac_ENSLPGG00000010506	0.007071540977103302	1.6813378010395353e-09	Scil_g10960;Slac_ENSLPGG00000012296	7.697874836345238e-14	0.0001466708255175629	Scil_g2151;Slac_ENSLPGG00000006993	1.5623858192076863e-29	1.2913246968418005e-09	Scil_g980;Slac_ENSLPGG00000015655	0.0005986017299019908	3.02085994403222e-06							Scil_g5254;Slac_ENSLPGG00000021127	0.005356450352588373	0.009342612883849542			
Scil_g2018;Slac_ENSLPGG00000007322	3.0609869963813252e-15	7.737038726130456e-15				Scil_g11283;Slac_ENSLPGG00000025842	0.0001944654720352231	5.791004440231865e-07	Scil_g11222;Slac_ENSLPGG00000001139	5.013830628113789e-07	4.69500827060743e-21	Scil_g13026;Slac_ENSLPGG00000029928	1.340950059410457e-12	0.009521336134590821	Scil_g10960;Slac_ENSLPGG00000020470	3.516281539997559e-05	0.005200025809404252							Scil_g980;Slac_ENSLPGG00000015655	0.0011989583053217798	2.5317165897381096e-09			
Scil_g8861;Slac_ENSLPGG00000003184	0.000972653632666094	5.435635391302434e-06				Scil_g11447;Slac_ENSLPGG00000009116	0.0011988833990713961	1.3356495854071297e-16	Scil_g5780;Slac_ENSLPGG00000006271	1.401077682156374e-56	9.73403041830119e-05	Scil_g552;Slac_ENSLPGG00000010574	9.063270920807916e-38	5.158652120706704e-06	Scil_g254;Slac_ENSLPGG00000007525	0.00017210202930432919	3.993170464153228e-16							Scil_g6487;Slac_ENSLPGG00000023112	1.6239594000076057e-07	0.0002511069236736297			
Scil_g176;Slac_ENSLPGG00000001013	4.6128602470137076e-46	9.900491958884998e-26				Scil_g9850;Slac_ENSLPGG00000023963	2.9609292285413797e-44	0.00021429564820563303	Scil_g5780;Slac_ENSLPGG00000021520	1.401077682156374e-56	0.001418103085264237	Scil_g10960;Slac_ENSLPGG00000010273	0.00010166511914957086	2.2568325936102162e-05	Scil_g6182;Slac_ENSLPGG00000021186	6.54132555884722e-05	1.5866616825505543e-23							Scil_g980;Slac_ENSLPGG00000007955	0.0011989583053217798	0.0010077057716323732			
Scil_g2312;Slac_ENSLPGG00000026194	0.00047418108694509317	1.969891307800923e-05				Scil_g11222;Slac_ENSLPGG00000001139	5.013830628113789e-07	1.4494333720685917e-24	Scil_g13820;Slac_ENSLPGG00000020178	2.3448594471839515e-08	5.203780196752114e-10	Scil_g13000;Slac_ENSLPGG00000029928	3.139328915068049e-23	0.009521336134590821	Scil_g3316;Slac_ENSLPGG00000004765	4.81600624494851e-16	5.6238260485352485e-05							Scil_g13024;Slac_ENSLPGG00000029928	0.0012145047895266619	0.009521336134590821			
Scil_g8183;Slac_ENSLPGG00000021127	7.136238196514838e-05	1.5465846751523873e-05				Scil_g3632;Slac_ENSLPGG00000013990	3.488081111876346e-12	0.0006259999278705256	Scil_g721;Slac_ENSLPGG00000007429	7.585164231627284e-06	1.4497953333836968e-05	Scil_g2024;Slac_ENSLPGG00000004970	9.755691899743128e-10	0.0009004477836155248	Scil_g8930;Slac_ENSLPGG00000008996	0.003008471673133274	2.383566135459776e-06							Scil_g552;Slac_ENSLPGG00000010574	1.9763298949328966e-09	5.158652120706704e-06			
Scil_g9815;Slac_ENSLPGG00000028025	3.979340550056759e-15	1.9481484135242517e-27				Scil_g11447;Slac_ENSLPGG00000011327	0.0011988833990713961	0.0016877695055628826	Scil_g1098;Slac_ENSLPGG00000006271	7.599970776583826e-09	9.73403041830119e-05	Scil_g12088;Slac_ENSLPGG00000008894	9.082690390954365e-06	0.000522212415775053	Scil_g2024;Slac_ENSLPGG00000012981	4.646532910031047e-06	1.3335247027011732e-14							Scil_g13026;Slac_ENSLPGG00000029928	0.004697348678915856	0.009521336134590821			
Scil_g2756;Slac_ENSLPGG00000002171	5.95074074397426e-10	7.388655311919578e-20				Scil_g428;Slac_ENSLPGG00000010973	1.1757209573410568e-27	0.00015161252851570743	Scil_g10960;Slac_ENSLPGG00000020470	7.697874836345238e-14	0.002865326369152078	Scil_g2024;Slac_ENSLPGG00000012981	9.755691899743128e-10	8.513066735387627e-07	Scil_g1483;Slac_ENSLPGG00000019065	4.085735599763043e-06	0.002143493550466423												
Scil_g11222;Slac_ENSLPGG00000007158	1.1918429997624423e-07	3.4393842705479424e-25				Scil_g12785;Slac_ENSLPGG00000021186	1.6615381302058852e-07	5.034074710478306e-19	Scil_g1098;Slac_ENSLPGG00000021520	7.599970776583826e-09	0.001418103085264237	Scil_g3808;Slac_ENSLPGG00000002140	4.4005623375883204e-05	5.5918815821433435e-06	Scil_g5592;Slac_ENSLPGG00000027633	1.0248394770224422e-05	2.6367218576394218e-05												
Scil_g10960;Slac_ENSLPGG00000010273	1.7814275668616436e-13	1.6978492039766335e-05				Scil_g13820;Slac_ENSLPGG00000020178	2.3448594471839515e-08	4.7379811227545295e-07	Scil_g6060;Slac_ENSLPGG00000014386	1.215893018835872e-11	5.849415967300882e-13	Scil_g10960;Slac_ENSLPGG00000020470	0.00010166511914957086	0.0026781387316083716	Scil_g2151;Slac_ENSLPGG00000006993	1.072554013802049e-05	9.559888593803473e-09												
Scil_g2667;Slac_ENSLPGG00000006271	1.213546492040107e-09	3.732968551925518e-05				Scil_g11222;Slac_ENSLPGG00000007158	5.013830628113789e-07	1.2305328596950784e-25	Scil_g8186;Slac_ENSLPGG00000020178	2.027576154248112e-06	5.203780196752114e-10	Scil_g10960;Slac_ENSLPGG00000012471	0.00010166511914957086	0.0005192764684538317	Scil_g8930;Slac_ENSLPGG00000021186	0.003008471673133274	1.5866616825505543e-23												
Scil_g7928;Slac_ENSLPGG00000003184	0.000963308868705165	5.435635391302434e-06				Scil_g7733;Slac_ENSLPGG00000010487	0.0009631828771727265	3.6949804439923313e-09	Scil_g7733;Slac_ENSLPGG00000010487	0.0009631828771727265	7.161774463584848e-10	Scil_g10015;Slac_ENSLPGG00000022563	0.0002877829974753766	3.4434726359320087e-06	Scil_g130;Slac_ENSLPGG00000015888	3.2104504713687346e-09	5.421831364350314e-05												
Scil_g10669;Slac_ENSLPGG00000012471	0.003749453953567109	9.012536840606819e-20				Scil_g2622;Slac_ENSLPGG00000015631	3.030870204098419e-17	0.0005450261508553615	Scil_g11222;Slac_ENSLPGG00000007158	5.013830628113789e-07	1.965018913530473e-21				Scil_g10015;Slac_ENSLPGG00000022563	9.835167470058142e-06	7.489445266910807e-06												
Scil_g3056;Slac_ENSLPGG00000012471	1.3731224023390558e-07	9.012536840606819e-20				Scil_g402;Slac_ENSLPGG00000002171	0.0003005960655922788	4.811942582704965e-16	Scil_g12529;Slac_ENSLPGG00000020219	3.227376468718222e-06	0.001543299165371714				Scil_g5592;Slac_ENSLPGG00000024879	1.0248394770224422e-05	3.7327495540389476e-10												
Scil_g9850;Slac_ENSLPGG00000023963	2.3017395799018037e-22	0.00026303246838548124				Scil_g1098;Slac_ENSLPGG00000006271	7.599970776583826e-09	0.00010329686300105768	Scil_g3806;Slac_ENSLPGG00000009324	3.452312820229575e-05	0.0032146804795755626				Scil_g9674;Slac_ENSLPGG00000020470	0.0007343807069236559	0.005200025809404252												
Scil_g9674;Slac_ENSLPGG00000026194	0.0052200748129733925	1.969891307800923e-05				Scil_g12865;Slac_ENSLPGG00000023608	2.2900413416104303e-07	5.841350162549384e-14	Scil_g4725;Slac_ENSLPGG00000010506	0.007071540977103302	1.263049125259277e-07				Scil_g4821;Slac_ENSLPGG00000013069	0.004560499888697272	5.0113952813723e-05												
Scil_g10960;Slac_ENSLPGG00000026948	1.7814275668616436e-13	0.005553210951833313				Scil_g10843;Slac_ENSLPGG00000008220	2.191339130993605e-06	4.726282953830286e-155	Scil_g5520;Slac_ENSLPGG00000013069	2.09591889875815e-25	1.5435674773364596e-07				Scil_g3056;Slac_ENSLPGG00000012471	2.0628480496730304e-08	0.00020102428853856525												
Scil_g6432;Slac_ENSLPGG00000001593	6.952319911062066e-17	2.5763939547526627e-12				Scil_g8192;Slac_ENSLPGG00000011839	2.4409454456120322e-27	3.187901163744036e-05	Scil_g12785;Slac_ENSLPGG00000008996	1.6615381302058852e-07	0.00012714480608127604				Scil_g10960;Slac_ENSLPGG00000012471	3.516281539997559e-05	0.00020102428853856525												
Scil_g8930;Slac_ENSLPGG00000008996	1.6915094476803913e-05	5.146308428844976e-15				Scil_g10960;Slac_ENSLPGG00000012296	7.697874836345238e-14	0.001043453426024318	Scil_g11283;Slac_ENSLPGG00000025842	0.0001944654720352231	0.0011121119220709032				Scil_g980;Slac_ENSLPGG00000007955	0.0005986017299019908	0.000460771292544484												
Scil_g5780;Slac_ENSLPGG00000019065	3.2348683259580126e-27	3.613082416273542e-08				Scil_g13146;Slac_ENSLPGG00000010054	0.0026129660409463912	1.1324999533424646e-05	Scil_g13146;Slac_ENSLPGG00000010054	0.0026129660409463912	1.088065138152273e-05				Scil_g1098;Slac_ENSLPGG00000019065	0.00827391027704454	0.002143493550466423												
Scil_g1483;Slac_ENSLPGG00000001139	0.003927101518499479	1.5864479285115916e-66				Scil_g6923;Slac_ENSLPGG00000001139	0.0007496312067256761	1.4494333720685917e-24	Scil_g1084;Slac_ENSLPGG00000015293	2.3895129108770388e-11	1.2577896648206847e-10				Scil_g254;Slac_ENSLPGG00000011839	0.00017210202930432919	6.039500918035304e-05												
Scil_g3668;Slac_ENSLPGG00000022563	0.0015627047433456468	5.085732044321034e-17				Scil_g2151;Slac_ENSLPGG00000006993	3.6960027423275005e-11	5.088867602043436e-27	Scil_g4725;Slac_ENSLPGG00000013283	0.007071540977103302	3.255600133488331e-09				Scil_g9674;Slac_ENSLPGG00000012471	0.0007343807069236559	0.00020102428853856525												
Scil_g9919;Slac_ENSLPGG00000001013	7.99159855313051e-09	9.900491958884998e-26				Scil_g6923;Slac_ENSLPGG00000007158	0.0007496312067256761	1.2305328596950784e-25	Scil_g6923;Slac_ENSLPGG00000001139	0.0007496312067256761	4.69500827060743e-21				Scil_g5407;Slac_ENSLPGG00000016023	0.0017396588968552988	1.1789178520790766e-50												
Scil_g428;Slac_ENSLPGG00000010973	3.53638816872691e-50	0.0015368510063786963				Scil_g1084;Slac_ENSLPGG00000015293	2.3895129108770388e-11	3.0288120931539586e-07	Scil_g5520;Slac_ENSLPGG00000014037	2.09591889875815e-25	1.944880288931169e-09				Scil_g9168;Slac_ENSLPGG00000010168	7.430094719173121e-10	0.009745588431718704												
Scil_g8192;Slac_ENSLPGG00000011839	1.1319454415633238e-06	1.90611515788076e-10				Scil_g10960;Slac_ENSLPGG00000015112	7.697874836345238e-14	0.00018013208566898826	Scil_g2820;Slac_ENSLPGG00000012140	6.411161546849771e-05	2.2234277891488934e-08				Scil_g8133;Slac_ENSLPGG00000018959	0.008142106307399357	0.0021339873870384004												
Scil_g8192;Slac_ENSLPGG00000007525	1.1319454415633238e-06	1.2026125316824048e-14				Scil_g4131;Slac_ENSLPGG00000018774	0.00196209406172658	4.505355541140787e-05	Scil_g2151;Slac_ENSLPGG00000006993	3.6960027423275005e-11	2.605529624418305e-29																		
Scil_g10669;Slac_ENSLPGG00000000921	0.003749453953567109	1.3554892344563593e-12				Scil_g10960;Slac_ENSLPGG00000020470	7.697874836345238e-14	0.002366091147798498	Scil_g13331;Slac_ENSLPGG00000027561	1.7811965565566243e-06	7.099070201361565e-06																		
Scil_g10960;Slac_ENSLPGG00000015112	1.7814275668616436e-13	0.0006787822325991016				Scil_g402;Slac_ENSLPGG00000021127	0.0003005960655922788	0.00026020690407486225	Scil_g402;Slac_ENSLPGG00000021127	0.0003005960655922788	0.00037730423206785676																		
Scil_g2018;Slac_ENSLPGG00000012981	3.0609869963813252e-15	3.9501074952680824e-13				Scil_g12785;Slac_ENSLPGG00000008996	1.6615381302058852e-07	1.5171894313138206e-05	Scil_g12865;Slac_ENSLPGG00000023608	2.2900413416104303e-07	3.1465511930609196e-13																		
Scil_g6335;Slac_ENSLPGG00000026673	0.002265513798681508	0.00042711768069751254				Scil_g12529;Slac_ENSLPGG00000020219	3.227376468718222e-06	0.007892006176597039	Scil_g11447;Slac_ENSLPGG00000011327	0.0011988833990713961	0.002660359306382542																		
Scil_g3056;Slac_ENSLPGG00000000921	1.3731224023390558e-07	1.3554892344563593e-12				Scil_g3806;Slac_ENSLPGG00000009324	3.452312820229575e-05	0.0016273209584915234	Scil_g6923;Slac_ENSLPGG00000007158	0.0007496312067256761	1.965018913530473e-21																		
Scil_g13024;Slac_ENSLPGG00000029928	0.00014717462768455288	1.133641503252008e-12				Scil_g8186;Slac_ENSLPGG00000018774	2.027576154248112e-06	4.505355541140787e-05	Scil_g13146;Slac_ENSLPGG00000003239	0.0026129660409463912	4.665800524885028e-08																		
Scil_g8930;Slac_ENSLPGG00000021186	1.6915094476803913e-05	2.1966675747781014e-45				Scil_g6923;Slac_ENSLPGG00000003645	0.0007496312067256761	2.455428195900785e-11	Scil_g10843;Slac_ENSLPGG00000008220	2.191339130993605e-06	2.790707462165623e-142																		
Scil_g552;Slac_ENSLPGG00000010574	1.8734294623301771e-19	9.440188128803196e-16				Scil_g13146;Slac_ENSLPGG00000003239	0.0026129660409463912	2.1696472139349363e-06	Scil_g402;Slac_ENSLPGG00000002171	0.0003005960655922788	8.519815430634142e-07																		
Scil_g2312;Slac_ENSLPGG00000012471	0.00047418108694509317	9.012536840606819e-20				Scil_g402;Slac_ENSLPGG00000016891	0.0003005960655922788	2.9258653159556866e-05	Scil_g11222;Slac_ENSLPGG00000019065	5.013830628113789e-07	4.280743164546749e-06																		
Scil_g3056;Slac_ENSLPGG00000018041	1.3731224023390558e-07	0.0017530359823746317				Scil_g11222;Slac_ENSLPGG00000019065	5.013830628113789e-07	3.1496785989591547e-07	Scil_g402;Slac_ENSLPGG00000022031	0.0003005960655922788	0.00010266030155833447																		
Scil_g8390;Slac_ENSLPGG00000007294	2.1818689402967603e-06	1.76671843861446e-14				Scil_g402;Slac_ENSLPGG00000022031	0.0003005960655922788	9.300342416746377e-05	Scil_g4725;Slac_ENSLPGG00000021127	0.007071540977103302	0.00037730423206785676																		
Scil_g2756;Slac_ENSLPGG00000021127	5.95074074397426e-10	1.5465846751523873e-05				Scil_g2820;Slac_ENSLPGG00000012140	6.411161546849771e-05	0.0004543176273505883	Scil_g10339;Slac_ENSLPGG00000003818	0.0068996335439323216	0.003912101599361359																		
Scil_g1526;Slac_ENSLPGG00000026673	8.954324395314083e-44	0.00042711768069751254				Scil_g13820;Slac_ENSLPGG00000018774	2.3448594471839515e-08	4.505355541140787e-05	Scil_g6923;Slac_ENSLPGG00000003645	0.0007496312067256761	6.4337355297277255e-09																		
Scil_g11222;Slac_ENSLPGG00000019065	1.1918429997624423e-07	3.613082416273542e-08				Scil_g4725;Slac_ENSLPGG00000002171	0.007071540977103302	4.811942582704965e-16	Scil_g428;Slac_ENSLPGG00000010973	1.1757209573410568e-27	0.0008013040173983456																		
Scil_g10108;Slac_ENSLPGG00000015099	8.192761731090963e-05	1.2070220763616555e-10				Scil_g13331;Slac_ENSLPGG00000027561	1.7811965565566243e-06	0.0010371786430957662	Scil_g11616;Slac_ENSLPGG00000003818	0.0005567674922374866	0.003912101599361359																		
Scil_g9674;Slac_ENSLPGG00000012471	0.0052200748129733925	9.012536840606819e-20				Scil_g13146;Slac_ENSLPGG00000009461	0.0026129660409463912	0.001863905355161977	Scil_g947;Slac_ENSLPGG00000006175	3.447544207280475e-07	7.107487093637847e-05																		
Scil_g5780;Slac_ENSLPGG00000003645	3.2348683259580126e-27	2.645547445922724e-05				Scil_g11222;Slac_ENSLPGG00000006271	5.013830628113789e-07	0.00010329686300105768	Scil_g11222;Slac_ENSLPGG00000006271	5.013830628113789e-07	9.73403041830119e-05																		
Scil_g5780;Slac_ENSLPGG00000006271	3.2348683259580126e-27	3.732968551925518e-05				Scil_g402;Slac_ENSLPGG00000013283	0.0003005960655922788	2.6704193679793666e-05	Scil_g11222;Slac_ENSLPGG00000021520	5.013830628113789e-07	0.001418103085264237																		
Scil_g191;Slac_ENSLPGG00000006340	0.00657962968063305	0.00019700462985319765				Scil_g6923;Slac_ENSLPGG00000019065	0.0007496312067256761	3.1496785989591547e-07	Scil_g4725;Slac_ENSLPGG00000002171	0.007071540977103302	8.519815430634142e-07																		
Scil_g6182;Slac_ENSLPGG00000008996	0.0005505499915034545	5.146308428844976e-15				Scil_g4725;Slac_ENSLPGG00000021127	0.007071540977103302	0.00026020690407486225	Scil_g13146;Slac_ENSLPGG00000009461	0.0026129660409463912	0.0001519651798931296																		
Scil_g2312;Slac_ENSLPGG00000000921	0.00047418108694509317	1.3554892344563593e-12				Scil_g947;Slac_ENSLPGG00000006175	3.447544207280475e-07	3.654587147996785e-05	Scil_g6923;Slac_ENSLPGG00000019065	0.0007496312067256761	4.280743164546749e-06																		
Scil_g5104;Slac_ENSLPGG00000009116	1.3385190593660316e-11	6.14592868531139e-18				Scil_g13146;Slac_ENSLPGG00000011151	0.0026129660409463912	0.0006790935580631603	Scil_g13146;Slac_ENSLPGG00000011151	0.0026129660409463912	0.0012618791393844077																		
Scil_g4821;Slac_ENSLPGG00000013069	2.6499224238030877e-10	4.652238152354708e-06				Scil_g13146;Slac_ENSLPGG00000008651	0.0026129660409463912	0.005741617324088482	Scil_g4725;Slac_ENSLPGG00000022031	0.007071540977103302	0.00010266030155833447																		
Scil_g2268;Slac_ENSLPGG00000005266	3.8324053992546164e-14	0.0018611105705646116				Scil_g6923;Slac_ENSLPGG00000006271	0.0007496312067256761	0.00010329686300105768	Scil_g5653;Slac_ENSLPGG00000018075	0.001056391171539997	0.0006118469660705379																		
Scil_g8851;Slac_ENSLPGG00000026948	5.351413959374844e-05	0.005553210951833313				Scil_g4725;Slac_ENSLPGG00000016891	0.007071540977103302	2.9258653159556866e-05	Scil_g6923;Slac_ENSLPGG00000006271	0.0007496312067256761	9.73403041830119e-05																		
Scil_g2060;Slac_ENSLPGG00000009625	0.0005739952944207668	5.0913304307575685e-05				Scil_g7227;Slac_ENSLPGG00000008404	4.248578365539217e-06	0.006904337093626863	Scil_g6923;Slac_ENSLPGG00000021520	0.0007496312067256761	0.001418103085264237																		
Scil_g13000;Slac_ENSLPGG00000029928	0.0002401013157304926	1.133641503252008e-12				Scil_g4725;Slac_ENSLPGG00000022031	0.007071540977103302	9.300342416746377e-05	Scil_g1638;Slac_ENSLPGG00000027899	1.3632667963625444e-14	0.003393224240375012																		
Scil_g10015;Slac_ENSLPGG00000022563	0.004885587593379574	5.085732044321034e-17				Scil_g9186;Slac_ENSLPGG00000020252	0.0011702219728313087	0.004908320603782753	Scil_g10108;Slac_ENSLPGG00000015099	0.0026833894586777538	0.0002745854346787509																		
Scil_g6182;Slac_ENSLPGG00000021186	0.0005505499915034545	2.1966675747781014e-45				Scil_g10843;Slac_ENSLPGG00000010973	2.191339130993605e-06	0.00015161252851570743	Scil_g13146;Slac_ENSLPGG00000008651	0.0026129660409463912	0.000902795089576386																		
Scil_g1483;Slac_ENSLPGG00000007158	0.003927101518499479	3.4393842705479424e-25				Scil_g5653;Slac_ENSLPGG00000018075	0.001056391171539997	0.0013746065864302338	Scil_g402;Slac_ENSLPGG00000016891	0.0003005960655922788	0.0031309119165275016																		
Scil_g5407;Slac_ENSLPGG00000016023	3.568743913666849e-09	5.94045764611003e-58				Scil_g10108;Slac_ENSLPGG00000015099	0.0026833894586777538	8.28668605995311e-06	Scil_g9186;Slac_ENSLPGG00000020252	0.0011702219728313087	0.00012290039377958962																		
Scil_g6427;Slac_ENSLPGG00000009456	2.8492265485112783e-05	4.685225916727112e-05				Scil_g4725;Slac_ENSLPGG00000013283	0.007071540977103302	2.6704193679793666e-05	Scil_g4725;Slac_ENSLPGG00000016891	0.007071540977103302	0.0031309119165275016																		
Scil_g9674;Slac_ENSLPGG00000018041	0.0052200748129733925	0.0017530359823746317							Scil_g2125;Slac_ENSLPGG00000027899	0.001250635568289448	0.003393224240375012																		
Scil_g1514;Slac_ENSLPGG00000006923	4.925875360990495e-06	4.281774508540483e-08							Scil_g1526;Slac_ENSLPGG00000026673	5.035546169744631e-12	0.00028015046342082185																		
Scil_g8851;Slac_ENSLPGG00000015112	5.351413959374844e-05	0.0006787822325991016							Scil_g10843;Slac_ENSLPGG00000010973	2.191339130993605e-06	0.0008013040173983456																		
Scil_g2253;Slac_ENSLPGG00000008220	0.0007081689266387197	3.053105731426932e-24																											
Scil_g11222;Slac_ENSLPGG00000006271	1.1918429997624423e-07	3.732968551925518e-05																											
Scil_g5791;Slac_ENSLPGG00000015293	1.656339539956417e-05	0.0036482195694383796																											
Scil_g3056;Slac_ENSLPGG00000010273	1.3731224023390558e-07	1.6978492039766335e-05																											
Scil_g4190;Slac_ENSLPGG00000009116	1.5598195515222541e-10	6.14592868531139e-18																											
Scil_g1350;Slac_ENSLPGG00000015655	5.359946783335865e-07	2.465938796218491e-05																											
Scil_g3056;Slac_ENSLPGG00000026948	1.3731224023390558e-07	0.005553210951833313																											
Scil_g4341;Slac_ENSLPGG00000021479	0.0008148831265628503	0.008613064062301081																											
Scil_g1350;Slac_ENSLPGG00000007955	5.359946783335865e-07	0.001201610886996087																											
Scil_g191;Slac_ENSLPGG00000001013	0.00657962968063305	9.900491958884998e-26																											
Scil_g3056;Slac_ENSLPGG00000015112	1.3731224023390558e-07	0.0006787822325991016																											
Scil_g5628;Slac_ENSLPGG00000019859	0.007924718428379112	0.0011397536544584786																											
Scil_g1483;Slac_ENSLPGG00000019065	0.003927101518499479	3.613082416273542e-08																											
Scil_g2312;Slac_ENSLPGG00000026948	0.00047418108694509317	0.005553210951833313																											
Scil_g533;Slac_ENSLPGG00000020413	0.0009079115180928504	0.00010541797543322262																											
Scil_g9674;Slac_ENSLPGG00000010273	0.0052200748129733925	1.6978492039766335e-05																											
Scil_g2253;Slac_ENSLPGG00000010973	0.0007081689266387197	0.0015368510063786963																											
Scil_g1219;Slac_ENSLPGG00000010524	0.0004430327164062401	0.005526860413324417																											
Scil_g2312;Slac_ENSLPGG00000015112	0.00047418108694509317	0.0006787822325991016																											
Scil_g11288;Slac_ENSLPGG00000020822	0.0008324372874427497	0.0029706612980473957																											
Scil_g9674;Slac_ENSLPGG00000026948	0.0052200748129733925	0.005553210951833313																											
Scil_g2475;Slac_ENSLPGG00000015293	0.0025720472256171465	0.0036482195694383796																											
Scil_g1483;Slac_ENSLPGG00000006271	0.003927101518499479	3.732968551925518e-05																											
Scil_g1576;Slac_ENSLPGG00000003738	0.0019993669634237494	0.00034248615277834296																											
Scil_g8832;Slac_ENSLPGG00000016670	2.1218703092460044e-06	0.00660496085584887																											
Scil_g9674;Slac_ENSLPGG00000015112	0.0052200748129733925	0.0006787822325991016																											
Scil_g3316;Slac_ENSLPGG00000004765	5.418202617826899e-08	1.8540818407031797e-07																											
Scil_g10843;Slac_ENSLPGG00000008220	3.0258176181810254e-06	3.053105731426932e-24																											
Scil_g9168;Slac_ENSLPGG00000010168	0.0027792844109251103	2.6690275182235755e-10																											
Scil_g10276;Slac_ENSLPGG00000005266	4.6133345067060585e-05	0.0018611105705646116																											
Scil_g10843;Slac_ENSLPGG00000010973	3.0258176181810254e-06	0.0015368510063786963																											
