Scil_20	Scil_20	Slac_16	Slac_16	Scil_4	Scil_4	Slac_28	Slac_28	Scil_24	Scil_24	Slac_9	Slac_9	Slac_7	Slac_7	Scil_32	Scil_32	Slac_1	Slac_1	Scil_35	Scil_35	Scil_23	Scil_23	Scil_19	Scil_19	Slac_27	Slac_27	Scil_10	Scil_10	Scil_28	Scil_28	Scil_21	Scil_21	Slac_0	Slac_0	Scil_1	Scil_1	Scil_16	Scil_16	Slac_10	Slac_10	Slac_11	Slac_11	Scil_31	Scil_31	Slac_18	Slac_18	Scil_37	Scil_37	Slac_17	Slac_17	Slac_13	Slac_13	Slac_21	Slac_21	Scil_7	Scil_7	Scil_6	Scil_6	Slac_5	Slac_5	Scil_33	Scil_33	Scil_12	Scil_12	Scil_5	Scil_5	Slac_4	Slac_4	Slac_8	Slac_8	Slac_3	Slac_3	Slac_12	Slac_12	Scil_0	Scil_0	Scil_8	Scil_8	Slac_2	Slac_2	Scil_11	Scil_11	Scil_15	Scil_15	Slac_6	Slac_6	Slac_19	Slac_19	Slac_20	Slac_20	Scil_9	Scil_9	Scil_2	Scil_2	Scil_22	Scil_22	Scil_29	Scil_29	Scil_14	Scil_14	Scil_3	Scil_3	Slac_22	Slac_22	Slac_15	Slac_15	Scil_34	Scil_34	Scil_13	Scil_13	Slac_23	Slac_23	Slac_25	Slac_25	Slac_14	Slac_14	Scil_30	Scil_30	Scil_36	Scil_36	Scil_17	Scil_17	Scil_18	Scil_18	Scil_27	Scil_27	Scil_25	Scil_25	Scil_26	Scil_26	Scil_38	Scil_38	Slac_26	Slac_26	Slac_24	Slac_24
Cluster	Alignment score	Cluster	Alignment score	Cluster	Alignment score	Cluster	Alignment score	Cluster	Alignment score	Cluster	Alignment score	Cluster	Alignment score	Cluster	Alignment score	Cluster	Alignment score	Cluster	Alignment score	Cluster	Alignment score	Cluster	Alignment score	Cluster	Alignment score	Cluster	Alignment score	Cluster	Alignment score	Cluster	Alignment score	Cluster	Alignment score	Cluster	Alignment score	Cluster	Alignment score	Cluster	Alignment score	Cluster	Alignment score	Cluster	Alignment score	Cluster	Alignment score	Cluster	Alignment score	Cluster	Alignment score	Cluster	Alignment score	Cluster	Alignment score	Cluster	Alignment score	Cluster	Alignment score	Cluster	Alignment score	Cluster	Alignment score	Cluster	Alignment score	Cluster	Alignment score	Cluster	Alignment score	Cluster	Alignment score	Cluster	Alignment score	Cluster	Alignment score	Cluster	Alignment score	Cluster	Alignment score	Cluster	Alignment score	Cluster	Alignment score	Cluster	Alignment score	Cluster	Alignment score	Cluster	Alignment score	Cluster	Alignment score	Cluster	Alignment score	Cluster	Alignment score	Cluster	Alignment score	Cluster	Alignment score	Cluster	Alignment score	Cluster	Alignment score	Cluster	Alignment score	Cluster	Alignment score	Cluster	Alignment score	Cluster	Alignment score	Cluster	Alignment score	Cluster	Alignment score	Cluster	Alignment score	Cluster	Alignment score	Cluster	Alignment score	Cluster	Alignment score	Cluster	Alignment score	Cluster	Alignment score	Cluster	Alignment score	Cluster	Alignment score	Cluster	Alignment score	Cluster	Alignment score	Cluster	Alignment score
Slac_16	0.998320733068773	Scil_20	0.998320733068773	Slac_28	0.9196407246042163	Scil_4	0.9196407246042163	Slac_9	0.844486218618847	Scil_24	0.844486218618847	Scil_32	0.8392320196390474	Slac_7	0.8392320196390474	Scil_35	0.8284104041892132	Slac_1	0.8284104041892132	Slac_9	0.8222238893473393	Slac_27	0.8048968158007413	Scil_19	0.8048968158007413	Slac_9	0.7931909449198599	Slac_7	0.7822051922907218	Slac_0	0.7799045849989139	Scil_21	0.7799045849989139	Slac_9	0.7763817275801346	Slac_10	0.7398920873000918	Scil_16	0.7398920873000918	Scil_19	0.733170600025655	Slac_18	0.7327623613092873	Scil_31	0.7327623613092873	Slac_17	0.7284593499973697	Scil_37	0.7284593499973697	Scil_19	0.6889065505119822	Scil_20	0.679100529368865	Slac_9	0.6573391300495472	Slac_10	0.6417138589335111	Scil_33	0.6397240726236046	Slac_5	0.6397240726236046	Slac_28	0.6362350635743337	Slac_9	0.631055537286097	Scil_24	0.6305816597622408	Scil_5	0.5877537522600851	Scil_5	0.5625012645940469	Scil_0	0.528955625229443	Slac_12	0.528955625229443	Slac_2	0.5184726412839714	Scil_8	0.5184726412839714	Slac_3	0.5105048766288159	Slac_9	0.5067786507346304	Scil_8	0.5002686753328554	Scil_35	0.4825037632115238	Scil_11	0.47311690548757596	Slac_10	0.4494220540076066	Slac_10	0.4491341273762931	Slac_2	0.42128854904644264	Slac_12	0.41983813277782867	Slac_9	0.41012066381427675	Slac_10	0.400474769561917	Scil_5	0.39525805725836827	Scil_24	0.37908900191906236	Slac_3	0.36161289467037616	Slac_11	0.3385576514726545	Scil_28	0.29830490010212635	Scil_16	0.2889371854478442	Scil_8	0.2830366392248175	Slac_3	0.25417704750747544	Slac_8	0.23392771426894274	Slac_9	0.22275044977832398	Slac_10	0.21318491421216335	Slac_12	0.1933173381372079	Slac_3	0.18929760531564427	Slac_10	0.1360485676188158	Slac_1	0.12059431071725142	Scil_8	0.11532320598912435	Scil_33	0.10963095160238916
Slac_21	0.679100529368865	Scil_6	0.06699381964298899	Slac_20	0.24053852075327167	Scil_12	0.6362350635743337	Slac_4	0.6305816597622408	Scil_23	0.8222238893473393	Scil_28	0.7822051922907218	Slac_17	0.5510876688511985	Scil_10	0.6207722983304859	Slac_9	0.6089445649982927	Slac_1	0.5004006280205852	Slac_11	0.733170600025655	Scil_6	0.27899426364850494	Slac_1	0.6207722983304859	Slac_0	0.6904023794413039	Slac_10	0.4819188009572935	Scil_28	0.6904023794413039	Slac_1	0.6155092774982929	Slac_20	0.29076048424581885	Scil_6	0.6417138589335111	Scil_6	0.35347454953658336	Slac_7	0.23984658375683	Scil_28	0.6239974809775188	Slac_7	0.2577125290846587	Scil_32	0.5510876688511985	Scil_1	0.5015735460317358	Scil_28	0.11987033406442235	Slac_1	0.5111814420685972	Slac_11	0.35347454953658336	Scil_24	0.46504803386444743	Slac_4	0.34937332325053083	Slac_10	0.3862239668742384	Slac_8	0.5877537522600851	Scil_33	0.34937332325053083	Scil_10	0.38844158708579923	Scil_11	0.5105048766288159	Scil_8	0.44480621506883533	Slac_20	0.3807383691415505	Slac_6	0.5002686753328554	Scil_22	0.42128854904644264	Slac_20	0.47311690548757596	Slac_1	0.3879641242529885	Scil_22	0.28723687142630083	Scil_1	0.23355035808163066	Scil_0	0.3807383691415505	Slac_12	0.21651067027327406	Slac_17	0.19655032517148058	Slac_4	0.3071896362625477	Slac_3	0.2474062555315971	Slac_1	0.35187068487957807	Slac_20	0.3103054251555101	Scil_14	0.26716882619079485	Scil_8	0.23325225801318208	Slac_8	0.27793048498158723	Slac_10	0.3315169380552403	Scil_8	0.07403217509235495	Scil_20	0.20894227538269491	Scil_33	0.14725885506151265	Slac_20	0.18045444687910867	Slac_9	0.06666590420749789	Slac_28	0.19101023285247754	Slac_12	0.08763492462221961	Slac_10	0.1016231332031067	Slac_0	0.07512080659971156	Slac_28	0.13361169289420818	Slac_0	0.019422369103316676	Scil_20	0.06470531182969677	Scil_8	0.10841135572613322
Slac_0	0.6248872313134205	Scil_3	0.03376032861888892	Slac_10	0.23872476779864735	Scil_0	0.21074107071930892	Slac_1	0.6070863753368114	Scil_10	0.7931909449198599	Scil_20	0.29395754371228383	Slac_0	0.1763642361438324	Scil_1	0.6155092774982929	Slac_19	0.4825037632115238	Slac_4	0.3434362174044464	Slac_13	0.6889065505119822	Scil_12	0.27813499793604124	Slac_8	0.38844158708579923	Slac_18	0.6239974809775188	Slac_3	0.31079545421403737	Scil_20	0.6248872313134205	Slac_13	0.5015735460317358	Slac_25	0.2889371854478442	Scil_21	0.4819188009572935	Scil_13	0.3385576514726545	Slac_3	0.16479745567840048	Scil_20	0.5593291365345474	Slac_3	0.0023263986924711194	Scil_0	0.3047997459005828	Scil_10	0.24553882334482027	Scil_21	0.0637957563651678	Slac_7	0.21521978137557532	Slac_27	0.27899426364850494	Scil_1	0.336588349733525	Slac_6	0.23376804188356445	Slac_27	0.27813499793604124	Slac_3	0.5625012645940469	Scil_23	0.3434362174044464	Scil_34	0.27793048498158723	Scil_34	0.36161289467037616	Scil_29	0.41983813277782867	Slac_10	0.366018987532231	Slac_12	0.44480621506883533	Scil_23	0.18880114699028214	Slac_12	0.35097414288370016	Slac_13	0.2084226448642601	Scil_33	0.23376804188356445	Scil_10	0.1294937412116747	Scil_3	0.3103054251555101	Slac_0	0.1822781308134434	Slac_20	0.1420526511121294	Slac_6	0.28723687142630083	Slac_20	0.1193115378452843	Slac_22	0.26716882619079485	Slac_12	0.30214289235998976	Scil_11	0.2654022409620183	Scil_23	0.2161452978977198	Slac_9	0.0819147597680537	Slac_27	0.21637456567062746	Scil_31	0.06866179206953206	Scil_3	0.07928358375527914	Scil_22	0.13257045609641174	Slac_8	0.11695125423428025	Slac_3	0.03593300393805694	Slac_1	0.1902858840154906	Slac_13	0.07336254018089186	Slac_17	0.08406586551915964	Slac_1	0.060906501680887036	Slac_12	0.0432654858073033	Slac_3	0.019207426334527676	Scil_2	0.06430572922801839	Scil_13	0.06573969735389157
Slac_18	0.5593291365345474	Scil_0	0.029701501584303108	Slac_12	0.09433815182214314	Scil_17	0.19101023285247754	Slac_5	0.46504803386444743	Scil_1	0.7763817275801346	Scil_37	0.2577125290846587	Slac_9	0.10642189597775979	Scil_24	0.6070863753368114	Slac_13	0.19656215155324222	Slac_15	0.2161452978977198	Slac_0	0.22678504662852478	Scil_13	0.21637456567062746	Slac_3	0.35079872149503716	Slac_23	0.29830490010212635	Slac_22	0.2369572206787014	Scil_5	0.38647337038584545	Slac_5	0.336588349733525	Slac_12	0.1160187914514313	Scil_9	0.4494220540076066	Scil_12	0.11302131434007653	Slac_0	0.10211559660538141	Scil_0	0.018712925888918038	Slac_1	0.0010669125016206436	Scil_3	0.2643125172115094	Scil_15	0.2084226448642601	Scil_16	0.021870062950131698	Slac_8	0.20916814232805409	Slac_17	0.13145341445788858	Scil_8	0.3186717066222179	Slac_14	0.14725885506151265	Slac_0	0.17761884482943896	Slac_1	0.520528690728506	Scil_1	0.31911502404417147	Scil_36	0.23392771426894274	Scil_10	0.35079872149503716	Scil_11	0.35097414288370016	Slac_17	0.3047997459005828	Slac_5	0.3186717066222179	Scil_24	0.15772498368872184	Slac_22	0.2654022409620183	Slac_22	0.1541052558109517	Scil_0	0.13664675774979307	Scil_23	0.12679224303011877	Scil_16	0.29076048424581885	Slac_20	0.14181359728594875	Slac_12	0.12633156243301336	Slac_22	0.2587615229679735	Slac_8	0.05068034946760156	Slac_6	0.10225657303973575	Slac_17	0.2643125172115094	Scil_22	0.2587615229679735	Scil_22	0.20013785077638285	Slac_1	0.044326623535407714	Slac_4	0.11185187279165083	Scil_20	0.0333539254811981	Scil_0	0.049424299834986224	Scil_1	0.11053774403747367	Slac_0	0.07973225109734534	Slac_1	0.023218998664831902	Slac_10	0.13688205618118468	Slac_20	0.07287646500312586	Slac_28	0.06902792386011422	Slac_22	0.05716525114301306	Slac_22	0.041130358046179975	Slac_9	0.018179694546370556	Scil_6	0.0556042558096619	Scil_6	0.05920870181157364
Slac_7	0.29395754371228383	Scil_19	0.027961255478632152	Slac_17	0.062226528995138065	Scil_8	0.15414338915384204	Slac_15	0.37908900191906236	Scil_7	0.6573391300495472	Scil_31	0.23984658375683	Slac_1	0.050315241028735525	Scil_5	0.520528690728506	Slac_5	0.13903218058551892	Slac_2	0.18880114699028214	Slac_7	0.14883082513597987	Scil_18	0.060551796306587934	Slac_13	0.24553882334482027	Slac_10	0.18638622780599468	Slac_9	0.16808976471489548	Scil_19	0.22678504662852478	Slac_4	0.31911502404417147	Slac_17	0.0737455792562573	Scil_2	0.4491341273762931	Scil_1	0.05695378148298511	Slac_23	0.06866179206953206	Scil_32	0.018312892361365563	Slac_20	0.0010062321433582356	Scil_8	0.21355478165740877	Scil_35	0.19656215155324222	Scil_12	0.01393388443281933	Slac_13	0.191720267346472	Slac_6	0.07332430133785828	Scil_22	0.22744369465152894	Slac_15	0.1460835508720437	Slac_1	0.11381392121581016	Slac_22	0.39525805725836827	Scil_22	0.3071896362625477	Scil_7	0.20916814232805409	Scil_21	0.31079545421403737	Scil_3	0.30214289235998976	Slac_28	0.21074107071930892	Slac_10	0.29250490928533385	Scil_1	0.13676092802541756	Slac_10	0.23278594164795355	Slac_4	0.06047938195605594	Scil_14	0.10225657303973575	Scil_24	0.037175596565296384	Scil_4	0.24053852075327167	Slac_3	0.13974035942622762	Slac_28	0.12210113678826721	Slac_5	0.22744369465152894	Slac_10	0.045246573014954786	Slac_0	0.0871166722058043	Slac_22	0.14560756295216404	Scil_21	0.2369572206787014	Scil_33	0.1460835508720437	Slac_13	0.018843250199835786	Slac_9	0.08958509815973896	Scil_0	0.02860239031027567	Scil_8	0.04332969227021145	Scil_24	0.07684782141208753	Slac_12	0.03738325767416098	Slac_12	0.01657289872652801	Slac_0	0.0727825638045907	Slac_9	0.06561516573375634	Slac_6	0.062268783907871994	Slac_12	0.055460220586957584	Slac_20	0.037549592668483685	Slac_22	0.0068972192565001506	Scil_0	0.043794509006172745	Scil_2	0.01709994393672018
Slac_10	0.211445793024581	Scil_12	0.021853807329041124	Slac_22	0.02180264343997216	Scil_26	0.13361169289420818	Slac_2	0.15772498368872184	Scil_5	0.631055537286097	Scil_7	0.21521978137557532	Slac_18	0.018312892361365563	Scil_7	0.5111814420685972	Slac_4	0.07470885927622038	Slac_5	0.1746676885336119	Slac_9	0.14613333958487115	Scil_9	0.04883129681388234	Slac_19	0.1294937412116747	Slac_20	0.16365118585782418	Slac_1	0.15114253500175698	Scil_9	0.1822781308134434	Slac_19	0.23355035808163066	Slac_0	0.05766692964814577	Scil_3	0.400474769561917	Scil_15	0.05088166398058945	Slac_17	0.06192660973805636	Scil_29	0.017389118907431035	Slac_10	0.0006662687349546492	Scil_2	0.19655032517148058	Scil_7	0.191720267346472	Scil_32	0.011870296161575741	Slac_22	0.1771379093725455	Slac_16	0.06699381964298899	Scil_23	0.1746676885336119	Slac_12	0.1136987289945873	Slac_11	0.11302131434007653	Slac_0	0.38647337038584545	Scil_8	0.24010147558682293	Scil_30	0.11695125423428025	Scil_30	0.25417704750747544	Scil_9	0.21651067027327406	Slac_6	0.13664675774979307	Slac_14	0.2830366392248175	Scil_19	0.08234470801588999	Slac_0	0.07310261823386728	Slac_0	0.05539868139066748	Scil_9	0.08280354368254363	Scil_7	0.024710745802675668	Scil_30	0.18045444687910867	Slac_17	0.09688503984429551	Slac_26	0.06430572922801839	Slac_15	0.20013785077638285	Slac_17	0.02580812167533523	Slac_4	0.08051548626579283	Slac_25	0.07928358375527914	Scil_1	0.21421386494783615	Scil_1	0.11231609844603421	Slac_4	0.008115175035227514	Slac_13	0.08531553498426214	Scil_16	0.026633557330773723	Scil_28	0.017999838408547734	Scil_23	0.06880412399197704	Slac_1	0.028061604399655667	Slac_5	0.005525422970289395	Slac_22	0.05980877852948513	Slac_27	0.060551796306587934	Slac_26	0.015592959226938213	Slac_20	0.05461930070278402	Slac_2	0.029003157601577078	Slac_8	0.006646253016023987	Scil_16	0.02867977591803094	Scil_0	0.015989887859151078
Slac_25	0.20894227538269491	Scil_11	0.015516315258534589	Slac_6	0.015099143791005734	Scil_2	0.12210113678826721	Slac_13	0.14049502301190814	Scil_35	0.6089445649982927	Scil_19	0.14883082513597987	Slac_21	0.011870296161575741	Scil_23	0.5004006280205852	Slac_15	0.017965529329546866	Slac_19	0.12679224303011877	Slac_4	0.10586239175387602	Scil_30	0.027935535504279286	Slac_4	0.06655874529321693	Slac_21	0.11987033406442235	Slac_8	0.09556676545797146	Scil_12	0.17761884482943896	Slac_22	0.21421386494783615	Slac_22	0.056531288229031716	Scil_12	0.3862239668742384	Scil_18	0.035892418666648676	Slac_10	0.019996613094399047	Scil_3	0.016941628900716738	Slac_26	0.00023494439293612795	Scil_6	0.13145341445788858	Scil_24	0.14049502301190814	Scil_6	0.011293172566661316	Slac_4	0.08369309682178223	Slac_24	0.05920870181157364	Scil_35	0.13903218058551892	Slac_24	0.10963095160238916	Slac_7	0.10937490144627293	Slac_5	0.06380738143891893	Scil_13	0.11185187279165083	Scil_21	0.09556676545797146	Scil_29	0.2474062555315971	Scil_27	0.1933173381372079	Slac_25	0.049424299834986224	Slac_4	0.24010147558682293	Scil_14	0.07813610614977072	Slac_8	0.07042434337971315	Slac_8	0.051806811971768986	Scil_6	0.07332430133785828	Scil_14	0.023751085854338178	Scil_28	0.16365118585782418	Slac_6	0.08280354368254363	Slac_6	0.04691627142601583	Slac_1	0.17738510047493788	Slac_18	0.017389118907431035	Slac_2	0.07813610614977072	Slac_3	0.06462308982814799	Scil_7	0.1771379093725455	Scil_19	0.041803263687041584	Slac_12	0.007846481715704751	Slac_24	0.06573969735389157	Scil_23	0.02470731448416693	Scil_2	0.013660597565614432	Scil_19	0.05167351912762212	Slac_27	0.027935535504279286	Slac_13	0.00453048112512583	Slac_20	0.05368348619398997	Slac_8	0.05418950600751584	Slac_25	0.007701744154940178	Slac_8	0.04507645016869647	Slac_6	0.01577862690884435	Slac_13	0.0010081465622878813	Scil_3	0.02720706576731758	Scil_9	0.01585110302467762
Slac_20	0.11777046990484955	Scil_8	0.011461254761018915	Slac_26	0.014788839632521969	Scil_27	0.06902792386011422	Slac_17	0.07793060584724135	Scil_15	0.5067786507346304	Scil_12	0.10937490144627293	Slac_10	0.008699540295752772	Scil_15	0.3879641242529885	Slac_8	0.01064111886163115	Slac_14	0.06880412399197704	Slac_2	0.08234470801588999	Scil_7	0.016937947710002184	Slac_22	0.06535693077605041	Slac_17	0.03647588588600141	Slac_4	0.06925729111468112	Scil_32	0.1763642361438324	Slac_2	0.13676092802541756	Slac_6	0.03865844144596385	Scil_0	0.366018987532231	Scil_14	0.035228503508706425	Slac_20	0.012533715612665985	Scil_6	0.010800426791821515	Slac_9	0.0002273933705486127	Scil_33	0.10668975065805231	Scil_13	0.08531553498426214	Scil_9	0.0068090655341787616	Slac_3	0.07608095100580599	Slac_26	0.0556042558096619	Scil_5	0.06380738143891893	Slac_17	0.10668975065805231	Slac_13	0.07778951268122805	Slac_7	0.03325058952520316	Scil_19	0.10586239175387602	Scil_11	0.07042434337971315	Scil_25	0.18929760531564427	Scil_2	0.12633156243301336	Slac_2	0.04753734326053881	Slac_15	0.23325225801318208	Scil_9	0.0730935793088826	Slac_17	0.061395095405627695	Slac_11	0.05088166398058945	Scil_27	0.062268783907871994	Scil_15	0.02116244924647925	Scil_2	0.1420526511121294	Slac_2	0.0730935793088826	Slac_2	0.038781482702728735	Slac_14	0.13257045609641174	Slac_26	0.010045652644112873	Slac_3	0.07536191855724143	Slac_28	0.05513187425335638	Scil_8	0.1672701189010139	Scil_7	0.024047704286649728	Slac_7	0.00382159903677434	Slac_12	0.057694255436877354	Scil_10	0.02064885430308309	Scil_4	0.011849203364751513	Scil_13	0.04710778167959642	Slac_10	0.02481985635721679	Slac_18	0.002245818515919372	Slac_8	0.047998880159059856	Slac_3	0.046769192607007536	Slac_14	0.006184226664628138	Slac_2	0.03995509341458407	Slac_3	0.008749077272864952	Slac_19	0.0005223152491185286	Scil_18	0.016812374544093515	Scil_12	0.015072090573910794
Slac_26	0.06470531182969677	Scil_18	0.010923452571478353	Slac_8	0.014733125137480225	Scil_3	0.05513187425335638	Slac_7	0.07706722646507644	Scil_14	0.41012066381427675	Scil_24	0.07706722646507644	Slac_23	0.006737467177314237	Scil_14	0.35187068487957807	Slac_22	0.005729431978583411	Slac_23	0.02470731448416693	Slac_1	0.06997084906079762	Scil_15	0.011709930983214578	Slac_7	0.054146919702805496	Slac_3	0.02140811228657411	Slac_21	0.0637957563651678	Scil_31	0.10211559660538141	Slac_15	0.11231609844603421	Slac_26	0.02867977591803094	Scil_13	0.3315169380552403	Scil_7	0.022173255511964047	Slac_25	0.006325575944151343	Scil_2	0.010731924285500792	Slac_0	0.00018731174189798292	Scil_9	0.09688503984429551	Scil_12	0.07778951268122805	Scil_11	0.0034082908903331336	Slac_0	0.07404592212743998	Slac_0	0.04449213665284833	Scil_19	0.06068812511973267	Slac_2	0.022084686008022984	Slac_20	0.07529731815993859	Slac_4	0.031032498777063728	Scil_7	0.08369309682178223	Scil_14	0.0659873720986507	Scil_31	0.16479745567840048	Scil_16	0.1160187914514313	Slac_22	0.04393421402150271	Slac_17	0.21355478165740877	Scil_0	0.04753734326053881	Slac_6	0.03673953960074028	Slac_5	0.03743548376074854	Scil_13	0.0471217709923635	Scil_5	0.017674370754165246	Scil_9	0.14181359728594875	Slac_7	0.05676480597324174	Slac_24	0.01709994393672018	Slac_9	0.0694354695064149	Slac_28	0.008829731273668064	Slac_8	0.0659873720986507	Slac_16	0.03376032861888892	Scil_15	0.1541052558109517	Scil_10	0.018887669911625063	Slac_18	0.003241299505212359	Slac_17	0.04858516784041768	Scil_3	0.01895517498567463	Scil_9	0.0101394351135256	Scil_9	0.037391456468483165	Slac_13	0.022309533526480366	Slac_2	0.002046350087196958	Slac_3	0.0398446858883086	Slac_17	0.04165677993629923	Slac_24	0.00544617532142899	Slac_6	0.02509421271085236	Slac_17	0.0030547920585866496	Slac_10	0.0004250900271272345	Scil_27	0.015592959226938213	Scil_19	0.011825572427586643
Slac_3	0.03847872136873372	Scil_9	0.010232636194414458	Slac_2	0.01203128018508788	Scil_13	0.03789668001609765	Slac_14	0.07684782141208753	Scil_17	0.22275044977832398	Scil_9	0.05676480597324174	Slac_3	0.006571321822098519	Scil_17	0.1902858840154906	Slac_14	0.0032634886032983923	Slac_13	0.024693719665502926	Slac_5	0.06068812511973267	Scil_17	0.01017525303238074	Slac_5	0.03241667715628062	Slac_25	0.017999838408547734	Slac_13	0.026010462706737465	Scil_14	0.0871166722058043	Slac_14	0.11053774403747367	Slac_23	0.026633557330773723	Scil_8	0.29250490928533385	Scil_8	0.01614945428137478	Slac_1	0.005484936453414144	Scil_11	0.00978554379017344	Slac_12	0.00015309703138873524	Scil_27	0.08406586551915964	Scil_18	0.07336254018089186	Scil_30	0.002649554078617492	Slac_2	0.04476444003625794	Slac_12	0.043675918600367694	Scil_7	0.04007409620818307	Slac_10	0.01146177591080465	Slac_3	0.07041614688231605	Slac_12	0.021935313423842515	Scil_14	0.08051548626579283	Scil_18	0.05418950600751584	Scil_9	0.13974035942622762	Scil_33	0.1136987289945873	Slac_26	0.043794509006172745	Slac_22	0.1672701189010139	Scil_13	0.04581868318846277	Slac_2	0.02363892907594594	Slac_2	0.03535864938453409	Scil_2	0.04691627142601583	Scil_22	0.00453945412493553	Scil_29	0.1193115378452843	Slac_8	0.05413310469069989	Slac_22	0.016594785297329002	Slac_12	0.05610466310436145	Slac_23	0.007115825079556337	Slac_13	0.06191137490748061	Slac_26	0.02720706576731758	Scil_3	0.14560756295216404	Scil_35	0.017965529329546866	Slac_22	0.002432537667856025	Slac_6	0.0471217709923635	Scil_11	0.016745183465109822	Scil_18	0.009768716536809455	Scil_0	0.02696108398590233	Slac_7	0.008257129136094709	Slac_7	0.0019092139388859313	Slac_12	0.03203919638808753	Slac_1	0.04083333374972045	Slac_16	0.005223934483271751	Slac_17	0.020877059691528286	Slac_16	0.0027763490577924236	Slac_5	0.0004163015345826374	Scil_4	0.014788839632521969	Scil_22	0.008847418316341093
Slac_17	0.03493914759390178	Scil_13	0.009542837354898609	Slac_25	0.011849203364751513	Scil_6	0.018402126826812155	Slac_8	0.04246723261757186	Scil_21	0.16808976471489548	Scil_10	0.054146919702805496	Slac_22	0.004331199198082733	Scil_22	0.17738510047493788	Slac_7	0.001862376595087484	Slac_8	0.0236413166887842	Slac_14	0.05167351912762212	Scil_21	0.006309288295117987	Slac_0	0.03017993529970429	Slac_9	0.01662475322472134	Slac_6	0.022261298590226398	Scil_30	0.07973225109734534	Slac_11	0.05695378148298511	Slac_21	0.021870062950131698	Scil_4	0.23872476779864735	Scil_9	0.013555285546167552	Slac_16	0.002763259698962974	Scil_12	0.0069427383578760295	Scil_1	0.0	Scil_24	0.07793060584724135	Scil_14	0.06191137490748061	Scil_13	0.002020973567422984	Slac_5	0.04007409620818307	Slac_3	0.027846420381405668	Scil_14	0.03889571675658848	Slac_1	0.008070427594081829	Slac_22	0.050758305863346696	Slac_2	0.020505067453315644	Scil_35	0.07470885927622038	Scil_9	0.05413310469069989	Scil_7	0.07608095100580599	Scil_4	0.09433815182214314	Slac_16	0.029701501584303108	Slac_28	0.15414338915384204	Scil_7	0.04476444003625794	Slac_23	0.016745183465109822	Slac_7	0.02387828880749521	Scil_19	0.04230776606226609	Scil_19	0.003933122305410192	Scil_20	0.11777046990484955	Slac_22	0.04946959464192922	Slac_25	0.013660597565614432	Slac_0	0.026064180535607835	Slac_2	0.004707114409347568	Slac_5	0.03889571675658848	Slac_0	0.020922063888546845	Scil_10	0.06535693077605041	Scil_14	0.016422955136255527	Slac_5	0.0010136394980780595	Slac_14	0.04710778167959642	Scil_2	0.012920948825377965	Scil_11	0.008520989366655126	Scil_7	0.022531554455380944	Slac_6	0.005606173609440278	Slac_4	0.0017758413770291332	Slac_13	0.01903898847179623	Slac_11	0.035892418666648676	Slac_23	0.0033113855928705175	Slac_7	0.012603593287887068	Slac_1	0.0024719476447231424	Slac_26	0.0002960184289565195	Scil_11	0.010944310382903178	Scil_18	0.007558829569571071
Slac_23	0.0333539254811981	Scil_17	0.009491194797965249	Slac_0	0.009691234411276551	Scil_29	0.008829731273668064	Slac_6	0.03783438417141603	Scil_19	0.14613333958487115	Scil_1	0.04721589489772725	Slac_8	0.003675038003892392	Scil_21	0.15114253500175698	Slac_3	0.0013366012719495818	Slac_17	0.01920672747561671	Slac_6	0.04230776606226609	Scil_14	0.001957249027102855	Slac_2	0.027438366792618463	Slac_1	0.005086823287527249	Slac_2	0.022203174943511733	Scil_25	0.07512080659971156	Slac_7	0.04721589489772725	Slac_3	0.01334394801330853	Scil_11	0.23278594164795355	Scil_22	0.012279059973522098	Slac_9	0.0022537127868356484	Scil_9	0.006910153318877189	Scil_0	0.0	Scil_16	0.0737455792562573	Scil_21	0.026010462706737465	Scil_31	0.0018419930547002173	Slac_6	0.028864737374411788	Slac_2	0.027249452735616513	Scil_15	0.03743548376074854	Slac_3	0.0049784217371819555	Slac_9	0.04207979859802529	Slac_13	0.02001892424688117	Scil_21	0.06925729111468112	Scil_15	0.051806811971768986	Scil_14	0.07536191855724143	Scil_18	0.08763492462221961	Slac_23	0.02860239031027567	Slac_26	0.11532320598912435	Scil_25	0.03995509341458407	Slac_16	0.015516315258534589	Slac_19	0.02116244924647925	Scil_12	0.03906763004981378	Scil_17	0.0025722228849752193	Scil_8	0.10815751260929829	Slac_27	0.04883129681388234	Slac_23	0.012920948825377965	Slac_3	0.02451070833632828	Slac_25	0.003575384857190366	Slac_11	0.035228503508706425	Slac_6	0.019627637897985585	Scil_17	0.05980877852948513	Scil_13	0.013979074553833824	Slac_14	0.0009774968325651026	Slac_2	0.04581868318846277	Scil_6	0.010453713891517807	Scil_27	0.007701744154940178	Scil_14	0.02049169927794734	Slac_16	0.004853997829413171	Slac_6	0.001077894755498226	Slac_6	0.018950234857139748	Slac_22	0.021482522579896572	Slac_5	0.002777288189854634	Slac_14	0.011081639533023479	Slac_25	0.0019039694394292288	Slac_7	0.000250198960197153	Scil_13	0.010456398739404994	Scil_27	0.00544617532142899
Slac_1	0.020107853937166773	Scil_25	0.007677448874242985	Slac_16	0.007340221229270498	Scil_25	0.008363728007119566	Slac_19	0.037175596565296384	Scil_32	0.10642189597775979	Scil_5	0.03325058952520316	Slac_20	0.0017523768985218346	Scil_38	0.12059431071725142	Slac_0	0.0007248908368946424	Slac_3	0.014381221960745419	Slac_15	0.041803263687041584	Scil_5	0.0015581359900973526	Slac_23	0.02064885430308309	Slac_16	0.0032685277598511592	Slac_7	0.016437203734217826	Scil_7	0.07404592212743998	Slac_6	0.035066086311698684	Slac_2	0.008492488503226337	Scil_18	0.21318491421216335	Scil_17	0.01045202336086373	Slac_21	0.0018419930547002173	Scil_13	0.006181991086120768	Scil_11	0.0	Scil_4	0.062226528995138065	Scil_23	0.024693719665502926	Scil_5	0.0017900077574167176	Slac_19	0.024710745802675668	Slac_20	0.022329851387291693	Scil_10	0.03241667715628062	Slac_8	0.0034962068047896208	Slac_6	0.03906763004981378	Slac_19	0.017674370754165246	Scil_10	0.06655874529321693	Scil_29	0.05068034946760156	Scil_12	0.07041614688231605	Scil_13	0.057694255436877354	Slac_14	0.02696108398590233	Slac_24	0.10841135572613322	Scil_2	0.038781482702728735	Slac_7	0.011666744007993373	Slac_3	0.018068175844226864	Scil_16	0.03865844144596385	Scil_25	0.0015438270383435375	Scil_12	0.07529731815993859	Slac_14	0.037391456468483165	Slac_3	0.012408297432354116	Slac_8	0.012544401329353926	Slac_7	0.002115511558051745	Slac_19	0.023751085854338178	Slac_23	0.01895517498567463	Scil_25	0.05716525114301306	Scil_15	0.007218583826879607	Slac_23	0.0009384819370240391	Slac_28	0.03789668001609765	Scil_13	0.00995383519315975	Scil_31	0.006325575944151343	Scil_6	0.016185536536165536	Slac_2	0.0037160207208341545	Slac_19	0.0006829833410625424	Slac_4	0.01729359064687013	Slac_7	0.01870909004308437	Slac_4	0.0014138792158906708	Slac_10	0.009582253533639472	Slac_5	0.0016669179185659511	Slac_20	0.00017925614953023412	Scil_29	0.010045652644112873	Scil_3	0.0047969731774151775
Slac_8	0.003848095949609031	Scil_4	0.007340221229270498	Slac_23	0.006675959634965654	Scil_9	0.0036583128935884822	Slac_3	0.009389166790531943	Scil_13	0.08958509815973896	Scil_15	0.02387828880749521	Slac_25	0.0014419495456984336	Scil_12	0.11381392121581016	Slac_11	0.0005966028003738917	Slac_6	0.014094459871159232	Slac_3	0.030762353831285928	Scil_2	0.001164488372195111	Slac_15	0.018887669911625063	Slac_22	0.002950720821067357	Slac_20	0.011817399012447051	Scil_11	0.07310261823386728	Slac_8	0.033651906258262546	Slac_16	0.005894080802046146	Scil_20	0.211445793024581	Scil_21	0.007991247766852092	Slac_24	0.001449720571809083	Scil_30	0.0036038105335061852	Scil_10	0.0	Scil_31	0.06192660973805636	Scil_30	0.022309533526480366	Scil_17	0.0015403423420089735	Slac_15	0.024047704286649728	Slac_28	0.018402126826812155	Scil_13	0.014768445724821149	Slac_11	0.0034718278457595364	Slac_8	0.02961715508236863	Slac_6	0.009573502704692403	Scil_15	0.06047938195605594	Scil_17	0.047998880159059856	Scil_3	0.06462308982814799	Scil_22	0.05610466310436145	Slac_3	0.024059227033925268	Slac_20	0.10815751260929829	Scil_15	0.03535864938453409	Slac_26	0.010944310382903178	Slac_27	0.011709930983214578	Scil_24	0.03783438417141603	Scil_32	0.0012938469479791153	Scil_18	0.07287646500312586	Slac_24	0.01585110302467762	Slac_14	0.011621643966200208	Slac_11	0.012279059973522098	Slac_4	0.0018883484366692082	Slac_14	0.02049169927794734	Slac_18	0.016941628900716738	Scil_16	0.056531288229031716	Scil_11	0.004536587944257384	Slac_15	0.0009254884029879145	Slac_0	0.028009064457358963	Scil_19	0.00967409010878265	Scil_21	0.004106859863892729	Scil_10	0.014186753717201295	Slac_18	0.0036038105335061852	Slac_23	0.0004016930045594281	Slac_17	0.013376070196903626	Slac_26	0.016812374544093515	Slac_2	0.0012245743441059527	Slac_28	0.008363728007119566	Slac_15	0.0016576593808542317	Slac_18	9.000512233266143e-05	Scil_10	0.009385841808849235	Scil_7	0.003953242291018663
Slac_13	0.0015303925723556629	Scil_2	0.006324872806131974	Slac_3	0.005175170522463802	Scil_11	0.003367821929089892	Slac_0	0.002682320449161708	Scil_34	0.0819147597680537	Scil_13	0.0190739973847037	Slac_19	0.0012938469479791153	Scil_19	0.06997084906079762	Slac_17	0.0004792446448746531	Slac_12	0.006281907533624988	Slac_16	0.027961255478632152	Scil_1	0.0005533417054644279	Slac_14	0.014186753717201295	Slac_8	0.002592556182577031	Slac_5	0.00863530542386683	Scil_17	0.0727825638045907	Slac_0	0.01827808436726361	Slac_15	0.0032131156731806457	Scil_28	0.18638622780599468	Scil_10	0.0058551360364539964	Slac_13	0.0008128628983794227	Scil_34	0.003241299505212359	Scil_12	0.0	Scil_11	0.061395095405627695	Scil_5	0.02001892424688117	Scil_3	0.0014994117548317505	Slac_14	0.022531554455380944	Slac_14	0.016185536536165536	Scil_9	0.01284403560641181	Slac_26	0.002826035128635942	Slac_4	0.02608574802507415	Slac_20	0.005385096094296976	Scil_5	0.031032498777063728	Scil_25	0.04507645016869647	Scil_8	0.05058901718497851	Scil_25	0.055460220586957584	Slac_18	0.018712925888918038	Slac_23	0.07403217509235495	Scil_26	0.029003157601577078	Slac_18	0.00978554379017344	Slac_14	0.008710310798508411	Scil_11	0.03673953960074028	Scil_36	0.0006829833410625424	Scil_25	0.05461930070278402	Slac_11	0.013555285546167552	Slac_18	0.010731924285500792	Slac_24	0.008847418316341093	Slac_24	0.00182693127404558	Slac_15	0.016422955136255527	Slac_2	0.01502718551192524	Scil_12	0.050758305863346696	Scil_21	0.0032243804721260407	Slac_20	0.0008261173423381899	Slac_7	0.0190739973847037	Scil_22	0.008170870274917601	Scil_6	0.003967273666798651	Scil_2	0.011621643966200208	Slac_23	0.0032122127426869916	Slac_11	0.00035081865397844207	Slac_5	0.012822183121997798	Slac_5	0.012571534350197783	Slac_18	0.0007811789066235182	Slac_16	0.007677448874242985	Slac_13	0.001640074656374899	Scil_1	0.0	Scil_9	0.008466177478163433	Scil_17	0.003598602975030011
Slac_22	0.0014530465712708814	Scil_16	0.005894080802046146	Slac_24	0.002735597423132539	Scil_18	0.0029565062586546917	Slac_11	0.0020112985920336854	Scil_22	0.0694354695064149	Scil_18	0.01870909004308437	Slac_13	0.0012433684740679849	Scil_25	0.060906501680887036	Slac_6	0.00010478640567302918	Slac_7	0.0015646460331962373	Slac_22	0.013418106715669165	Scil_25	0.0005093463445553785	Slac_26	0.009385841808849235	Slac_26	0.0008788108282444448	Slac_11	0.007991247766852092	Scil_16	0.05766692964814577	Slac_23	0.0038416792022528796	Slac_18	0.001871968858377826	Scil_17	0.13688205618118468	Scil_33	0.0034718278457595364	Slac_26	0.00016667878471085288	Scil_19	0.0030732522345985193	Scil_13	0.0	Scil_13	0.04858516784041768	Scil_17	0.01903898847179623	Scil_25	0.0006277830734671054	Slac_11	0.022173255511964047	Slac_22	0.013517118014513788	Scil_17	0.012822183121997798	Slac_23	0.00261959219978815	Slac_16	0.021853807329041124	Slac_16	0.003518904960469523	Scil_12	0.02608574802507415	Scil_24	0.04246723261757186	Scil_18	0.046769192607007536	Scil_6	0.043675918600367694	Slac_24	0.015989887859151078	Slac_3	0.05058901718497851	Scil_10	0.027438366792618463	Slac_5	0.009620723061698993	Slac_6	0.007633160401737028	Scil_1	0.035066086311698684	Scil_21	0.0005863153577884362	Scil_17	0.05368348619398997	Slac_5	0.01284403560641181	Slac_16	0.006324872806131974	Slac_23	0.008170870274917601	Slac_6	0.0017012743774749537	Slac_12	0.011091862961094795	Slac_7	0.006720845938546593	Scil_9	0.04946959464192922	Scil_16	0.0032131156731806457	Slac_11	0.0007135242136813644	Slac_5	0.014768445724821149	Scil_9	0.008138168552111833	Scil_29	0.003575384857190366	Scil_25	0.011081639533023479	Slac_17	0.002661796040730629	Slac_15	0.000257403975251006	Slac_2	0.01050790088055682	Slac_16	0.010923452571478353	Slac_15	0.0005265361652284975	Slac_4	0.006829064594960908	Slac_7	0.0011210204243590745	Scil_0	0.0	Scil_17	0.007064939304994441	Scil_4	0.002735597423132539
Slac_9	0.0007613504264894005	Scil_27	0.005223934483271751	Slac_14	0.002623294277419727	Scil_1	0.002273826306313196	Slac_18	0.0005110722929157884	Scil_36	0.06666590420749789	Scil_21	0.016437203734217826	Slac_16	0.0009446689080177144	Scil_32	0.050315241028735525	Slac_23	4.93179132227808e-05	Slac_11	0.00018860473303290395	Slac_8	0.011906595626928461	Scil_10	0.00039443600373686646	Slac_12	0.006327807293703325	Slac_12	0.00040423371940435156	Slac_27	0.006309288295117987	Scil_15	0.05539868139066748	Slac_3	0.0024085592503136377	Slac_7	0.001587990355802172	Scil_26	0.1360485676188158	Scil_5	0.003417874066686224	Slac_12	0.00014026991581303814	Scil_17	0.0029852586155103547	Scil_16	0.0	Scil_18	0.04165677993629923	Scil_34	0.018843250199835786	Scil_4	0.000521875681760934	Slac_27	0.016937947710002184	Slac_21	0.011293172566661316	Scil_18	0.012571534350197783	Slac_22	0.0019580287037492695	Slac_2	0.01759854599071665	Slac_11	0.003417874066686224	Scil_17	0.01729359064687013	Scil_1	0.033651906258262546	Scil_17	0.0398446858883086	Scil_26	0.0432654858073033	Slac_15	0.002965274321864105	Slac_25	0.04332969227021145	Scil_6	0.027249452735616513	Slac_25	0.008520989366655126	Slac_15	0.007218583826879607	Scil_7	0.028864737374411788	Scil_38	0.0005223152491185286	Scil_26	0.037549592668483685	Slac_16	0.010232636194414458	Slac_4	0.0031048447085130935	Slac_19	0.00453945412493553	Slac_16	0.001469499824988202	Slac_7	0.007121373162390675	Slac_24	0.0047969731774151775	Scil_0	0.04393421402150271	Scil_0	0.002965274321864105	Slac_27	0.0003232561546069872	Slac_15	0.013979074553833824	Scil_29	0.007115825079556337	Scil_25	0.0021583277162681965	Scil_15	0.008710310798508411	Slac_21	0.002649554078617492	Slac_14	0.00018570264250898012	Slac_11	0.01045202336086373	Slac_2	0.010854127063316617	Scil_11	0.0	Slac_5	0.0030277661155138523	Slac_4	0.000580139461776294	Scil_11	0.0	Scil_21	0.005872406260811288	Scil_29	0.00182693127404558
Slac_19	0.00011114553930567155	Scil_30	0.004853997829413171	Slac_5	0.002285063252422717	Scil_33	0.0018654747474911148	Scil_10	0.0	Scil_18	0.06561516573375634	Scil_25	0.012603593287887068	Slac_26	0.0006151991010040932	Scil_34	0.044326623535407714	Scil_10	0.0	Slac_22	0.0001351119512594794	Slac_24	0.011825572427586643	Scil_4	0.0003413958722730041	Slac_6	0.006183539371155919	Scil_10	0.0	Slac_12	0.006053322088367677	Scil_6	0.04449213665284833	Slac_28	0.002273826306313196	Slac_1	0.0007030920312687445	Scil_27	0.1016231332031067	Scil_24	0.0020112985920336854	Scil_10	0.0	Scil_25	0.002932569793022677	Scil_17	0.0	Scil_28	0.03647588588600141	Scil_36	0.00453048112512583	Scil_29	0.000329350925406405	Slac_23	0.004372244698169747	Slac_18	0.010800426791821515	Scil_11	0.009620723061698993	Slac_28	0.0018654747474911148	Slac_12	0.01695275628297446	Slac_23	0.003216502567848357	Scil_34	0.008115175035227514	Scil_12	0.02961715508236863	Scil_20	0.03847872136873372	Scil_30	0.03738325767416098	Slac_5	0.002860699170843923	Slac_11	0.01614945428137478	Scil_11	0.02363892907594594	Slac_4	0.00544169115373251	Slac_12	0.004382046620456857	Scil_25	0.02509421271085236	Scil_34	0.0003140664212464159	Scil_6	0.022329851387291693	Slac_25	0.0101394351135256	Slac_0	0.002781455637153502	Slac_10	0.0033475379993993483	Slac_15	0.00041165235928523474	Slac_23	0.002006750559040853	Slac_1	0.004512804970113625	Scil_26	0.041130358046179975	Scil_25	0.002004076711165706	Slac_19	0.0003140664212464159	Slac_3	0.012921287557842004	Scil_32	0.006737467177314237	Scil_26	0.0019039694394292288	Scil_27	0.006184226664628138	Slac_4	0.002500001096472209	Slac_0	0.0001749007986515162	Slac_27	0.01017525303238074	Slac_25	0.009768716536809455	Scil_10	0.0	Slac_18	0.002932569793022677	Slac_26	0.0005693489811443946	Scil_10	0.0	Scil_12	0.004355554463691833	Scil_25	0.0016043327961476027
Slac_12	0.00010794515988178214	Scil_5	0.003518904960469523	Slac_15	0.0013858209330107395	Scil_15	0.0007184511567600519	Scil_1	0.0	Scil_12	0.04207979859802529	Scil_11	0.011666744007993373	Scil_1	0.0	Scil_18	0.04083333374972045	Scil_1	0.0	Scil_1	0.0	Slac_23	0.00967409010878265	Scil_34	0.0003232561546069872	Slac_11	0.0058551360364539964	Scil_1	0.0	Slac_26	0.005872406260811288	Scil_10	0.03017993529970429	Slac_26	0.0021768265020720725	Slac_4	0.0006251155487356282	Scil_29	0.045246573014954786	Scil_2	0.00193672455024498	Scil_1	0.0	Scil_7	0.0022630853050355404	Scil_14	0.0	Scil_20	0.03493914759390178	Scil_9	0.003281558827492398	Scil_14	0.0002244552509383524	Slac_24	0.003953242291018663	Slac_23	0.010453713891517807	Scil_12	0.008975855112015266	Slac_25	0.0004117826992111135	Slac_24	0.015072090573910794	Slac_14	0.002280819119153988	Scil_25	0.006829064594960908	Scil_23	0.0236413166887842	Scil_36	0.03593300393805694	Scil_17	0.03203919638808753	Slac_8	0.0016246477342795047	Slac_16	0.011461254761018915	Scil_21	0.022203174943511733	Slac_15	0.004536587944257384	Slac_23	0.0023344094422516255	Scil_21	0.022261298590226398	Scil_30	0.00020687914557464878	Scil_31	0.012533715612665985	Slac_26	0.008466177478163433	Slac_11	0.00193672455024498	Slac_7	0.0033111523144844467	Slac_0	0.00035806364443531234	Slac_27	0.001957249027102855	Slac_5	0.002770814710033162	Scil_4	0.02180264343997216	Scil_2	0.0018764097603974563	Slac_26	0.00018643368130089716	Slac_26	0.010456398739404994	Scil_4	0.006675959634965654	Scil_32	0.0014419495456984336	Scil_12	0.004519728152489111	Slac_5	0.001463580655722525	Slac_24	0.00012993460562447365	Slac_16	0.009491194797965249	Slac_0	0.009281388297507569	Scil_1	0.0	Slac_23	0.002898347661864182	Slac_14	0.0005294133715710021	Scil_12	0.0	Scil_33	0.002826035128635942	Scil_31	0.001449720571809083
Scil_0	0.0	Scil_28	0.0032685277598511592	Slac_18	0.0012659449243151233	Scil_19	0.0006267720000383717	Scil_0	0.0	Scil_38	0.018179694546370556	Scil_6	0.009752467559783946	Scil_0	0.0	Scil_30	0.028061604399655667	Scil_0	0.0	Scil_0	0.0	Slac_12	0.00448286477663301	Scil_8	0.000252007125234824	Slac_16	0.0012383605118169241	Scil_0	0.0	Slac_25	0.004106859863892729	Scil_13	0.028009064457358963	Slac_12	0.0015277981023023978	Slac_14	0.0006180820527917274	Scil_30	0.02481985635721679	Scil_30	0.0007596366712715048	Scil_0	0.0	Scil_36	0.002245818515919372	Scil_15	0.0	Scil_29	0.02580812167533523	Scil_22	0.002962158858502087	Scil_19	0.0001593627863420352	Slac_12	0.003460118025224012	Slac_7	0.009752467559783946	Scil_21	0.00863530542386683	Scil_0	0.0	Slac_17	0.014505141591306914	Slac_18	0.0021096055548043627	Scil_18	0.005500093865336864	Scil_4	0.014733125137480225	Scil_19	0.030762353831285928	Scil_5	0.021935313423842515	Slac_4	0.0010743011716778119	Slac_8	0.009530082116085793	Scil_33	0.022084686008022984	Slac_1	0.004459526828583448	Slac_16	0.0020015244173660638	Scil_3	0.019627637897985585	Scil_12	0.00013592924197243655	Scil_21	0.011817399012447051	Slac_23	0.008138168552111833	Slac_15	0.0018764097603974563	Slac_13	0.002962158858502087	Slac_21	0.000329350925406405	Slac_10	0.001008262400132494	Slac_8	0.001717469888352295	Scil_18	0.021482522579896572	Scil_17	0.0017471615546988852	Slac_17	0.0001783717211237805	Slac_23	0.00995383519315975	Scil_7	0.004372244698169747	Scil_30	0.001211330085836684	Scil_18	0.0035664827586437443	Slac_25	0.001211330085836684	Scil_0	0.0	Slac_26	0.007064939304994441	Slac_6	0.009242424421767722	Scil_0	0.0	Slac_25	0.0021583277162681965	Slac_24	0.0004630074398719192	Scil_13	0.0	Scil_19	0.0026396394855607522	Scil_15	0.0013590538489096846
Scil_11	0.0	Scil_7	0.003141617903941648	Slac_4	0.0006679190763024551	Scil_16	0.0005547635591994925	Scil_11	0.0	Scil_28	0.01662475322472134	Scil_30	0.008257129136094709	Scil_11	0.0	Scil_36	0.023218998664831902	Scil_11	0.0	Scil_11	0.0	Slac_19	0.003933122305410192	Scil_11	0.00015896391340471414	Slac_18	0.0011310650237708292	Scil_11	0.0	Slac_15	0.0032243804721260407	Scil_22	0.026064180535607835	Slac_17	0.0009473989263268512	Slac_24	0.0005919710968711416	Scil_31	0.019996613094399047	Scil_34	0.0007135242136813644	Scil_11	0.0	Scil_5	0.0021096055548043627	Scil_27	0.0	Scil_25	0.020877059691528286	Scil_26	0.001640074656374899	Scil_2	8.16346997399421e-05	Slac_16	0.003141617903941648	Slac_4	0.004256082396311028	Scil_36	0.005525422970289395	Scil_11	0.0	Slac_21	0.01393388443281933	Slac_21	0.0017900077574167176	Scil_11	0.00544169115373251	Scil_22	0.012544401329353926	Scil_6	0.027846420381405668	Scil_12	0.01695275628297446	Slac_11	0.0004684178009882889	Slac_0	0.0038254240275422866	Scil_5	0.020505067453315644	Slac_21	0.0034082908903331336	Slac_24	0.0013590538489096846	Scil_17	0.018950234857139748	Scil_20	0.00011114553930567155	Scil_13	0.005589632809005182	Slac_18	0.006910153318877189	Slac_27	0.001164488372195111	Slac_20	0.0013618499166022859	Slac_14	0.00011760908594790043	Slac_26	0.0007034604209107958	Slac_14	0.001604488190982917	Scil_2	0.016594785297329002	Scil_9	0.0017114344236721368	Slac_2	0.00016229801003639368	Slac_16	0.009542837354898609	Scil_1	0.0038416792022528796	Scil_13	0.0011929405329582942	Scil_35	0.0032634886032983923	Slac_22	0.0011275813197167554	Scil_11	0.0	Slac_24	0.003598602975030011	Slac_24	0.007558829569571071	Scil_12	0.0	Slac_15	0.002004076711165706	Slac_11	0.0004538269707957623	Scil_27	0.0	Scil_1	0.0021768265020720725	Scil_11	0.000956657667312097
Scil_10	0.0	Scil_26	0.0027763490577924236	Slac_21	0.000521875681760934	Scil_22	0.00012350535539544614	Scil_12	0.0	Scil_31	0.0022537127868356484	Scil_14	0.007121373162390675	Scil_10	0.0	Scil_20	0.020107853937166773	Scil_12	0.0	Scil_10	0.0	Slac_18	0.0030732522345985193	Scil_0	0.0	Slac_24	0.0009545062459419415	Scil_12	0.0	Slac_23	0.0029372400436543677	Scil_3	0.020922063888546845	Slac_27	0.0005533417054644279	Slac_28	0.0005547635591994925	Scil_33	0.01146177591080465	Scil_35	0.0005966028003738917	Scil_12	0.0	Scil_18	0.0020279835571939313	Scil_28	0.0	Scil_23	0.01920672747561671	Scil_20	0.0015303925723556629	Scil_7	6.640428067835923e-05	Slac_18	0.0022630853050355404	Slac_25	0.003967273666798651	Scil_25	0.0030277661155138523	Scil_10	0.0	Slac_5	0.008975855112015266	Slac_15	0.0016071699457108977	Scil_6	0.004256082396311028	Scil_19	0.011906595626928461	Scil_22	0.02451070833632828	Scil_36	0.01657289872652801	Scil_10	0.0	Slac_1	0.0013881092265890036	Scil_12	0.01759854599071665	Slac_28	0.003367821929089892	Slac_18	0.0013353979359333197	Scil_26	0.01577862690884435	Scil_18	0.00010046956175952039	Scil_5	0.005385096094296976	Slac_21	0.0068090655341787616	Slac_5	0.00030122494017406973	Slac_18	0.0011672248462665969	Slac_22	0.00011192722929140814	Slac_24	0.0005124385917417987	Slac_21	0.0014994117548317505	Scil_6	0.013517118014513788	Scil_26	0.0016576593808542317	Slac_16	8.832977814853351e-05	Slac_22	0.00847923198015727	Scil_27	0.0033113855928705175	Scil_17	0.0006489853293844863	Scil_4	0.002623294277419727	Slac_11	0.0007596366712715048	Scil_10	0.0	Slac_18	0.0029852586155103547	Slac_4	0.005500093865336864	Scil_13	0.0	Slac_26	0.0017617671020901168	Slac_8	0.00023558421840343463	Scil_28	0.0	Scil_25	0.0017617671020901168	Scil_10	0.0009545062459419415
Scil_1	0.0	Scil_31	0.002763259698962974	Slac_1	0.0003919849381244433	Scil_14	0.00011979856604103951	Scil_14	0.0	Scil_20	0.0007613504264894005	Scil_3	0.006720845938546593	Scil_12	0.0	Scil_33	0.008070427594081829	Scil_14	0.0	Scil_12	0.0	Slac_26	0.0026396394855607522	Scil_26	0.0	Slac_27	0.00039443600373686646	Scil_14	0.0	Slac_19	0.0005863153577884362	Scil_38	0.019422369103316676	Slac_16	0.0004422454665166356	Slac_11	0.00013459593127691574	Scil_25	0.009582253533639472	Scil_0	0.0004684178009882889	Scil_14	0.0	Scil_16	0.001871968858377826	Scil_29	0.0	Scil_12	0.014505141591306914	Scil_6	0.001334413814173958	Scil_18	4.689273870954069e-05	Slac_17	0.0009024535532359401	Slac_5	0.0022554421119036047	Scil_0	0.002860699170843923	Scil_1	0.0	Slac_18	0.0069427383578760295	Slac_27	0.0015581359900973526	Scil_2	0.0031048447085130935	Scil_35	0.01064111886163115	Scil_0	0.024059227033925268	Scil_14	0.011091862961094795	Scil_1	0.0	Slac_18	0.0013369089958038657	Scil_3	0.01502718551192524	Slac_14	0.001389151733824921	Slac_17	0.001296115994686562	Scil_4	0.015099143791005734	Scil_11	0.0	Scil_32	0.0017523768985218346	Slac_1	0.006761756812406802	Slac_21	8.16346997399421e-05	Slac_17	0.0006474883877105818	Slac_5	0.00010878080854862679	Slac_25	0.000471579975975067	Slac_15	0.0014669800254573629	Scil_19	0.013418106715669165	Scil_5	0.0016071699457108977	Scil_1	0.0	Slac_1	0.007825443569911383	Scil_5	0.003216502567848357	Scil_14	0.000471579975975067	Scil_5	0.002280819119153988	Slac_9	0.0006302065283135134	Scil_1	0.0	Slac_19	0.0025722228849752193	Slac_14	0.0035664827586437443	Scil_14	0.0	Slac_24	0.0016043327961476027	Slac_18	0.000223123732388462	Scil_14	0.0	Scil_28	0.0008788108282444448	Scil_16	0.0005919710968711416
Scil_12	0.0	Scil_15	0.0020015244173660638	Slac_27	0.0003413958722730041	Scil_10	0.0	Scil_13	0.0	Scil_30	0.0006302065283135134	Scil_34	0.00382159903677434	Scil_13	0.0	Scil_13	0.007825443569911383	Scil_13	0.0	Scil_13	0.0	Slac_10	0.0016794890692054462	Scil_22	0.0	Slac_25	0.00015018814560635983	Scil_13	0.0	Slac_24	0.00031801151922090725	Scil_1	0.01827808436726361	Slac_18	0.00023396105394674484	Slac_5	0.00013033051685116856	Scil_32	0.008699540295752772	Scil_26	0.0004538269707957623	Scil_13	0.0	Scil_8	0.0013369089958038657	Scil_3	0.0	Scil_17	0.013376070196903626	Scil_32	0.0012433684740679849	Scil_0	0.0	Slac_26	0.0006762439107951153	Slac_1	0.0019154607553216376	Scil_27	0.002777288189854634	Scil_12	0.0	Slac_14	0.004519728152489111	Slac_17	0.0009713733610782805	Scil_30	0.002500001096472209	Scil_8	0.009530082116085793	Scil_28	0.02140811228657411	Scil_34	0.007846481715704751	Scil_0	0.0	Slac_7	0.001117571907606692	Scil_4	0.01203128018508788	Slac_24	0.000956657667312097	Slac_28	0.0007184511567600519	Scil_23	0.014094459871159232	Scil_0	0.0	Scil_22	0.0013618499166022859	Slac_28	0.0036583128935884822	Scil_0	0.0	Slac_26	0.0006350395122866733	Scil_0	0.0	Slac_17	0.000397434291767645	Slac_4	0.00038176872992997475	Scil_13	0.00847923198015727	Scil_3	0.0014669800254573629	Scil_0	0.0	Slac_8	0.006764379534971022	Scil_30	0.0032122127426869916	Scil_33	0.0004117826992111135	Scil_3	0.001604488190982917	Slac_24	0.0003483375169255369	Scil_12	0.0	Slac_7	0.0023531853846668785	Slac_28	0.0029565062586546917	Scil_15	0.0	Slac_19	0.0015438270383435375	Slac_23	0.0001766761978711004	Scil_15	0.0	Scil_14	0.0007034604209107958	Scil_14	0.0005124385917417987
Scil_16	0.0	Scil_29	0.001469499824988202	Slac_11	0.0003285183631549884	Scil_23	0.0	Scil_16	0.0	Scil_25	0.00023998776122139814	Scil_22	0.0033111523144844467	Scil_16	0.0	Scil_9	0.006761756812406802	Scil_16	0.0	Scil_16	0.0	Slac_17	0.0010882989724831306	Scil_20	0.0	Slac_10	5.100656119960626e-05	Scil_16	0.0	Slac_17	0.00029263870369682657	Scil_4	0.009691234411276551	Scil_11	0.0	Scil_11	0.0	Scil_22	0.0033475379993993483	Scil_36	0.00035081865397844207	Scil_16	0.0	Scil_15	0.0013353979359333197	Scil_30	0.0	Scil_26	0.0030547920585866496	Scil_38	0.0010081465622878813	Scil_10	0.0	Slac_10	0.00021359559706963775	Slac_13	0.001334413814173958	Scil_3	0.002770814710033162	Scil_16	0.0	Slac_26	0.004355554463691833	Slac_26	0.0005483632370092671	Scil_9	0.001958861650732983	Scil_13	0.006764379534971022	Scil_38	0.019207426334527676	Scil_10	0.006327807293703325	Scil_11	0.0	Slac_13	0.0009321370478417099	Scil_18	0.010854127063316617	Slac_13	0.00021693447660369475	Slac_26	0.0005028810521261072	Scil_5	0.009573502704692403	Scil_26	0.0	Scil_37	0.0010062321433582356	Slac_13	0.003281558827492398	Scil_11	0.0	Slac_25	0.00040176665914667	Scil_11	0.0	Slac_20	0.0003222848343452075	Slac_11	0.00018417487132331146	Scil_38	0.0068972192565001506	Scil_4	0.0013858209330107395	Scil_11	0.0	Slac_18	0.006181991086120768	Scil_21	0.0029372400436543677	Scil_22	0.00040176665914667	Scil_17	0.0015389594213060143	Slac_26	0.00028916915050868595	Scil_16	0.0	Slac_15	0.0017471615546988852	Slac_18	0.0020279835571939313	Scil_16	0.0	Slac_13	0.0007703882465142942	Slac_0	6.419889342017389e-05	Scil_16	0.0	Scil_7	0.0006762439107951153	Scil_26	0.0004630074398719192
Scil_13	0.0	Scil_10	0.0012383605118169241	Slac_7	0.0001509810711340562	Scil_24	0.0	Scil_17	0.0	Scil_37	0.0002273933705486127	Scil_17	0.0023531853846668785	Scil_17	0.0	Scil_31	0.005484936453414144	Scil_17	0.0	Scil_17	0.0	Slac_20	0.0007739119780015697	Scil_24	0.0	Scil_10	0.0	Scil_17	0.0	Slac_16	0.0002783652314596042	Scil_18	0.009281388297507569	Scil_10	0.0	Scil_10	0.0	Scil_19	0.0016794890692054462	Scil_4	0.0003285183631549884	Scil_17	0.0	Scil_4	0.0012659449243151233	Scil_31	0.0	Scil_30	0.002661796040730629	Scil_8	0.0009321370478417099	Scil_1	0.0	Slac_20	0.00013729796918986013	Slac_15	0.0013147934921256268	Scil_4	0.002285063252422717	Scil_13	0.0	Slac_23	0.0012009858812657437	Slac_24	0.0004354663162234308	Scil_29	0.0018883484366692082	Scil_38	0.006646253016023987	Scil_15	0.018068175844226864	Scil_23	0.006281907533624988	Scil_12	0.0	Slac_27	0.000252007125234824	Scil_17	0.01050790088055682	Slac_27	0.00015896391340471414	Slac_25	0.00020157308450374575	Scil_18	0.009242424421767722	Scil_2	0.0	Scil_34	0.0008261173423381899	Slac_4	0.001958861650732983	Scil_10	0.0	Slac_28	0.00012350535539544614	Scil_10	0.0	Slac_21	0.0002244552509383524	Scil_10	0.0	Scil_35	0.005729431978583411	Scil_6	0.0013147934921256268	Scil_10	0.0	Slac_20	0.005589632809005182	Scil_25	0.002898347661864182	Scil_15	0.00020157308450374575	Scil_11	0.001389151733824921	Slac_19	0.00020687914557464878	Scil_13	0.0	Slac_21	0.0015403423420089735	Slac_23	0.0011107285112962695	Scil_17	0.0	Slac_21	0.0006277830734671054	Scil_10	0.0	Scil_17	0.0	Scil_22	0.0006350395122866733	Scil_5	0.0004354663162234308
Scil_14	0.0	Scil_32	0.0009446689080177144	Scil_1	0.0	Scil_20	0.0	Scil_18	0.0	Scil_11	0.0	Scil_29	0.002115511558051745	Scil_14	0.0	Scil_28	0.005086823287527249	Scil_18	0.0	Scil_14	0.0	Slac_28	0.0006267720000383717	Scil_23	0.0	Scil_1	0.0	Scil_18	0.0	Slac_14	0.0002771020622625193	Scil_8	0.0038254240275422866	Scil_1	0.0	Scil_1	0.0	Scil_14	0.001008262400132494	Scil_23	0.00018860473303290395	Scil_18	0.0	Scil_22	0.0011672248462665969	Scil_18	0.0	Scil_15	0.001296115994686562	Scil_31	0.0008128628983794227	Scil_15	0.0	Slac_21	6.640428067835923e-05	Slac_8	0.0007411420032954954	Scil_6	0.0022554421119036047	Scil_14	0.0	Slac_15	0.001115131174904282	Slac_10	0.00024005503035093417	Scil_36	0.0017758413770291332	Scil_20	0.003848095949609031	Scil_23	0.014381221960745419	Scil_21	0.006053322088367677	Scil_14	0.0	Scil_1	0.0	Scil_16	0.008492488503226337	Scil_1	0.0	Slac_10	0.0001575584413796927	Scil_15	0.007633160401737028	Scil_13	0.0	Scil_19	0.0007739119780015697	Slac_15	0.0017114344236721368	Scil_1	0.0	Scil_1	0.0	Scil_1	0.0	Slac_16	0.00020637780965212412	Scil_1	0.0	Scil_32	0.004331199198082733	Scil_12	0.001115131174904282	Scil_12	0.0	Slac_21	0.002020973567422984	Scil_33	0.00261959219978815	Scil_10	0.00015018814560635983	Scil_34	0.0009774968325651026	Slac_14	0.0001771575560367171	Scil_14	0.0	Slac_14	0.0015389594213060143	Slac_15	0.0005163425424069452	Scil_18	0.0	Slac_27	0.0005093463445553785	Scil_1	0.0	Scil_18	0.0	Scil_32	0.0006151991010040932	Scil_30	0.0003483375169255369
Scil_15	0.0	Scil_1	0.0004422454665166356	Scil_0	0.0	Scil_21	0.0	Scil_15	0.0	Scil_0	0.0	Scil_36	0.0019092139388859313	Scil_15	0.0	Scil_3	0.004512804970113625	Scil_15	0.0	Scil_15	0.0	Slac_21	0.0001593627863420352	Scil_28	0.0	Scil_0	0.0	Scil_15	0.0	Slac_18	9.073175788394787e-05	Scil_2	0.002781455637153502	Scil_0	0.0	Scil_0	0.0	Scil_37	0.0006662687349546492	Scil_25	0.00018558852987866697	Scil_15	0.0	Scil_10	0.0011310650237708292	Scil_19	0.0	Scil_19	0.0010882989724831306	Scil_25	0.0007703882465142942	Scil_24	0.0	Scil_0	0.0	Scil_0	0.0	Scil_26	0.0016669179185659511	Scil_15	0.0	Slac_19	0.00013592924197243655	Scil_0	0.0	Scil_27	0.0014138792158906708	Scil_32	0.003675038003892392	Scil_16	0.01334394801330853	Scil_19	0.00448286477663301	Scil_13	0.0	Scil_0	0.0	Scil_29	0.004707114409347568	Scil_0	0.0	Slac_20	0.00014206822694829866	Scil_10	0.006183539371155919	Scil_16	0.0	Scil_14	0.0003222848343452075	Scil_0	0.0	Scil_12	0.0	Scil_0	0.0	Scil_12	0.0	Slac_28	0.00011979856604103951	Scil_0	0.0	Scil_28	0.002950720821067357	Scil_34	0.0009254884029879145	Scil_13	0.0	Slac_25	0.0011929405329582942	Scil_15	0.0023344094422516255	Scil_12	0.00012572043254579002	Scil_16	0.0006180820527917274	Slac_15	0.0001525043345174488	Scil_15	0.0	Slac_25	0.0006489853293844863	Slac_19	0.00010046956175952039	Scil_19	0.0	Slac_9	0.00023998776122139814	Scil_0	0.0	Scil_19	0.0	Scil_26	0.0005693489811443946	Scil_21	0.00031801151922090725
Scil_2	0.0	Scil_21	0.0002783652314596042	Scil_11	0.0	Scil_32	0.0	Scil_2	0.0	Scil_26	0.0	Scil_35	0.001862376595087484	Scil_2	0.0	Scil_11	0.004459526828583448	Scil_2	0.0	Scil_2	0.0	Scil_11	0.0	Scil_33	0.0	Scil_11	0.0	Scil_2	0.0	Scil_11	0.0	Scil_24	0.002682320449161708	Scil_12	0.0	Scil_12	0.0	Scil_38	0.0004250900271272345	Scil_3	0.00018417487132331146	Scil_2	0.0	Scil_27	0.0007811789066235182	Scil_2	0.0	Scil_5	0.0009713733610782805	Scil_11	0.00021693447660369475	Scil_26	0.0	Scil_11	0.0	Scil_11	0.0	Scil_30	0.001463580655722525	Scil_2	0.0	Slac_25	0.00012572043254579002	Scil_11	0.0	Scil_0	0.0010743011716778119	Scil_33	0.0034962068047896208	Scil_13	0.012921287557842004	Scil_15	0.004382046620456857	Scil_2	0.0	Scil_11	0.0	Scil_30	0.0037160207208341545	Scil_11	0.0	Scil_11	0.0	Scil_30	0.005606173609440278	Scil_33	0.0	Scil_38	0.00017925614953023412	Scil_11	0.0	Scil_2	0.0	Scil_11	0.0	Scil_2	0.0	Slac_18	6.509628052611548e-05	Scil_11	0.0	Scil_34	0.002432537667856025	Scil_27	0.0005265361652284975	Scil_2	0.0	Scil_11	0.0	Scil_14	0.002006750559040853	Scil_1	0.0	Scil_26	0.0005294133715710021	Scil_11	0.0	Scil_2	0.0	Slac_23	0.00037371078658552493	Slac_21	4.689273870954069e-05	Scil_2	0.0	Slac_11	0.00018558852987866697	Scil_11	0.0	Scil_2	0.0	Scil_5	0.0005483632370092671	Scil_36	0.00012993460562447365
Scil_20	0.0	Scil_14	0.00020637780965212412	Scil_10	0.0	Scil_31	0.0	Scil_20	0.0	Scil_2	0.0	Scil_16	0.001587990355802172	Scil_20	0.0	Scil_26	0.0024719476447231424	Scil_20	0.0	Scil_20	0.0	Scil_10	0.0	Scil_32	0.0	Scil_12	0.0	Scil_20	0.0	Scil_10	0.0	Scil_35	0.0007248908368946424	Scil_13	0.0	Scil_13	0.0	Scil_5	0.00024005503035093417	Scil_16	0.00013459593127691574	Scil_20	0.0	Scil_24	0.0005110722929157884	Scil_20	0.0	Scil_1	0.0009473989263268512	Scil_0	0.0	Scil_27	0.0	Scil_10	0.0	Scil_10	0.0	Scil_34	0.0010136394980780595	Scil_20	0.0	Scil_10	0.0	Scil_10	0.0	Scil_4	0.0006679190763024551	Scil_28	0.002592556182577031	Scil_2	0.012408297432354116	Scil_7	0.003460118025224012	Scil_20	0.0	Scil_10	0.0	Scil_36	0.002046350087196958	Scil_10	0.0	Scil_10	0.0	Scil_29	0.0017012743774749537	Scil_31	0.0	Scil_15	0.00014206822694829866	Scil_10	0.0	Scil_13	0.0	Scil_10	0.0	Scil_13	0.0	Scil_10	0.0	Scil_12	0.0	Scil_33	0.0019580287037492695	Scil_18	0.0005163425424069452	Scil_20	0.0	Scil_10	0.0	Scil_12	0.0012009858812657437	Scil_24	0.0	Scil_21	0.0002771020622625193	Scil_10	0.0	Scil_20	0.0	Scil_10	0.0	Scil_10	0.0	Scil_20	0.0	Scil_10	0.0	Scil_12	0.0	Scil_20	0.0	Scil_15	0.0005028810521261072	Scil_1	0.0
Scil_21	0.0	Scil_34	8.832977814853351e-05	Scil_12	0.0	Scil_34	0.0	Scil_21	0.0	Scil_29	0.0	Scil_23	0.0015646460331962373	Scil_21	0.0	Scil_6	0.0019154607553216376	Scil_21	0.0	Scil_21	0.0	Scil_1	0.0	Scil_31	0.0	Scil_14	0.0	Scil_21	0.0	Scil_1	0.0	Scil_29	0.00035806364443531234	Scil_14	0.0	Scil_14	0.0	Scil_7	0.00021359559706963775	Scil_11	0.0	Scil_21	0.0	Scil_1	0.00023396105394674484	Scil_21	0.0	Scil_7	0.0009024535532359401	Scil_2	0.0	Scil_33	0.0	Scil_1	0.0	Scil_1	0.0	Scil_38	0.0004163015345826374	Scil_21	0.0	Scil_1	0.0	Scil_1	0.0	Scil_16	0.0006251155487356282	Scil_3	0.001717469888352295	Scil_24	0.009389166790531943	Scil_1	0.0015277981023023978	Scil_21	0.0	Scil_12	0.0	Scil_27	0.0012245743441059527	Scil_12	0.0	Scil_1	0.0	Scil_36	0.001077894755498226	Scil_29	0.0	Scil_7	0.00013729796918986013	Scil_1	0.0	Scil_14	0.0	Scil_12	0.0	Scil_14	0.0	Scil_1	0.0	Scil_14	0.0	Scil_20	0.0014530465712708814	Scil_29	0.00041165235928523474	Scil_14	0.0	Scil_1	0.0	Scil_18	0.0011107285112962695	Scil_23	0.0	Scil_36	0.00018570264250898012	Scil_1	0.0	Scil_21	0.0	Scil_1	0.0	Scil_1	0.0	Scil_21	0.0	Scil_1	0.0	Scil_14	0.0	Scil_21	0.0	Scil_38	0.0002960184289565195	Scil_23	0.0
Scil_22	0.0	Scil_23	0.0	Scil_13	0.0	Scil_35	0.0	Scil_22	0.0	Scil_3	0.0	Scil_26	0.0011210204243590745	Scil_22	0.0	Scil_8	0.0013881092265890036	Scil_22	0.0	Scil_22	0.0	Scil_0	0.0	Scil_3	0.0	Scil_13	0.0	Scil_22	0.0	Scil_0	0.0	Scil_37	0.00018731174189798292	Scil_15	0.0	Scil_15	0.0	Scil_15	0.0001575584413796927	Scil_20	0.0	Scil_22	0.0	Scil_26	0.000223123732388462	Scil_22	0.0	Scil_22	0.0006474883877105818	Scil_3	0.0	Scil_34	0.0	Scil_12	0.0	Scil_12	0.0	Scil_2	0.00030122494017406973	Scil_22	0.0	Scil_0	0.0	Scil_12	0.0	Scil_26	0.000580139461776294	Scil_0	0.0016246477342795047	Scil_26	0.008749077272864952	Scil_28	0.00040423371940435156	Scil_15	0.0	Scil_13	0.0	Scil_34	0.00016229801003639368	Scil_13	0.0	Scil_0	0.0	Scil_35	0.00010478640567302918	Scil_3	0.0	Scil_1	0.0	Scil_12	0.0	Scil_15	0.0	Scil_13	0.0	Scil_15	0.0	Scil_0	0.0	Scil_13	0.0	Scil_30	0.0011275813197167554	Scil_36	0.000257403975251006	Scil_15	0.0	Scil_0	0.0	Scil_34	0.0009384819370240391	Scil_35	0.0	Scil_30	0.0001771575560367171	Scil_0	0.0	Scil_22	0.0	Scil_0	0.0	Scil_0	0.0	Scil_22	0.0	Scil_0	0.0	Scil_13	0.0	Scil_22	0.0	Scil_30	0.00028916915050868595	Scil_28	0.0
Scil_23	0.0	Scil_37	0.0	Scil_16	0.0	Scil_37	0.0	Scil_23	0.0	Scil_33	0.0	Scil_8	0.001117571907606692	Scil_23	0.0	Scil_37	0.0010669125016206436	Scil_23	0.0	Scil_23	0.0	Scil_12	0.0	Scil_37	0.0	Scil_16	0.0	Scil_23	0.0	Scil_12	0.0	Scil_36	0.0001749007986515162	Scil_16	0.0	Scil_16	0.0	Scil_10	5.100656119960626e-05	Scil_27	0.0	Scil_23	0.0	Scil_21	9.073175788394787e-05	Scil_23	0.0	Scil_35	0.0004792446448746531	Scil_27	0.0	Scil_37	0.0	Scil_16	0.0	Scil_16	0.0	Scil_16	0.00013033051685116856	Scil_23	0.0	Scil_11	0.0	Scil_16	0.0	Scil_3	0.00038176872992997475	Scil_6	0.0007411420032954954	Scil_32	0.006571321822098519	Scil_37	0.00015309703138873524	Scil_16	0.0	Scil_16	0.0	Scil_32	0.0	Scil_16	0.0	Scil_12	0.0	Scil_32	0.0	Scil_28	0.0	Scil_10	0.0	Scil_16	0.0	Scil_16	0.0	Scil_16	0.0	Scil_16	0.0	Scil_11	0.0	Scil_16	0.0	Scil_23	0.0001351119512594794	Scil_30	0.0001525043345174488	Scil_16	0.0	Scil_12	0.0	Scil_36	0.0004016930045594281	Scil_37	0.0	Scil_29	0.00011760908594790043	Scil_12	0.0	Scil_23	0.0	Scil_11	0.0	Scil_11	0.0	Scil_23	0.0	Scil_11	0.0	Scil_16	0.0	Scil_23	0.0	Scil_37	0.00023494439293612795	Scil_37	0.0
Scil_17	0.0	Scil_24	0.0	Scil_17	0.0	Scil_36	0.0	Scil_24	0.0	Scil_27	0.0	Scil_38	0.000250198960197153	Scil_24	0.0	Scil_16	0.0007030920312687445	Scil_24	0.0	Scil_24	0.0	Scil_13	0.0	Scil_27	0.0	Scil_17	0.0	Scil_24	0.0	Scil_13	0.0	Scil_26	6.419889342017389e-05	Scil_17	0.0	Scil_17	0.0	Scil_1	0.0	Scil_32	0.0	Scil_24	0.0	Scil_38	9.000512233266143e-05	Scil_24	0.0	Scil_14	0.000397434291767645	Scil_33	0.0	Scil_36	0.0	Scil_13	0.0	Scil_13	0.0	Scil_29	0.00010878080854862679	Scil_17	0.0	Scil_12	0.0	Scil_13	0.0	Scil_32	0.0	Scil_26	0.00023558421840343463	Scil_4	0.005175170522463802	Scil_31	0.00014026991581303814	Scil_17	0.0	Scil_17	0.0	Scil_20	0.0	Scil_17	0.0	Scil_13	0.0	Scil_20	0.0	Scil_37	0.0	Scil_33	0.0	Scil_13	0.0	Scil_17	0.0	Scil_17	0.0	Scil_17	0.0	Scil_12	0.0	Scil_17	0.0	Scil_29	0.00011192722929140814	Scil_32	0.0	Scil_17	0.0	Scil_13	0.0	Scil_17	0.00037371078658552493	Scil_36	0.0	Scil_32	0.0	Scil_13	0.0	Scil_17	0.0	Scil_12	0.0	Scil_12	0.0	Scil_24	0.0	Scil_12	0.0	Scil_17	0.0	Scil_24	0.0	Scil_34	0.00018643368130089716	Scil_24	0.0
Scil_18	0.0	Scil_22	0.0	Scil_14	0.0	Scil_28	0.0	Scil_25	0.0	Scil_4	0.0	Scil_4	0.0001509810711340562	Scil_18	0.0	Scil_4	0.0003919849381244433	Scil_25	0.0	Scil_18	0.0	Scil_14	0.0	Scil_29	0.0	Scil_18	0.0	Scil_25	0.0	Scil_14	0.0	Scil_0	0.0	Scil_18	0.0	Scil_18	0.0	Scil_23	0.0	Scil_28	0.0	Scil_25	0.0	Scil_14	6.509628052611548e-05	Scil_25	0.0	Scil_21	0.00029263870369682657	Scil_29	0.0	Scil_23	0.0	Scil_14	0.0	Scil_14	0.0	Scil_32	0.0	Scil_18	0.0	Scil_14	0.0	Scil_14	0.0	Scil_20	0.0	Scil_2	0.0	Scil_33	0.0049784217371819555	Scil_20	0.00010794515988178214	Scil_18	0.0	Scil_14	0.0	Scil_28	0.0	Scil_14	0.0	Scil_14	0.0	Scil_28	0.0	Scil_4	0.0	Scil_23	0.0	Scil_14	0.0	Scil_18	0.0	Scil_14	0.0	Scil_18	0.0	Scil_14	0.0	Scil_18	0.0	Scil_31	0.0	Scil_20	0.0	Scil_18	0.0	Scil_14	0.0	Scil_26	0.0001766761978711004	Scil_34	0.0	Scil_20	0.0	Scil_14	0.0	Scil_18	0.0	Scil_14	0.0	Scil_14	0.0	Scil_25	0.0	Scil_14	0.0	Scil_18	0.0	Scil_25	0.0	Scil_31	0.00016667878471085288	Scil_32	0.0
Scil_19	0.0	Scil_33	0.0	Scil_15	0.0	Scil_30	0.0	Scil_19	0.0	Scil_16	0.0	Scil_0	0.0	Scil_19	0.0	Scil_0	0.0	Scil_19	0.0	Scil_19	0.0	Scil_15	0.0	Scil_16	0.0	Scil_15	0.0	Scil_19	0.0	Scil_15	0.0	Scil_23	0.0	Scil_19	0.0	Scil_19	0.0	Scil_24	0.0	Scil_29	0.0	Scil_19	0.0	Scil_23	0.0	Scil_26	0.0	Scil_34	0.0001783717211237805	Scil_16	0.0	Scil_22	0.0	Scil_15	0.0	Scil_15	0.0	Scil_20	0.0	Scil_19	0.0	Scil_13	0.0	Scil_15	0.0	Scil_28	0.0	Scil_16	0.0	Scil_1	0.0024085592503136377	Scil_24	0.0	Scil_19	0.0	Scil_15	0.0	Scil_31	0.0	Scil_15	0.0	Scil_15	0.0	Scil_31	0.0	Scil_27	0.0	Scil_24	0.0	Scil_15	0.0	Scil_19	0.0	Scil_15	0.0	Scil_19	0.0	Scil_13	0.0	Scil_15	0.0	Scil_24	0.0	Scil_28	0.0	Scil_19	0.0	Scil_15	0.0	Scil_35	4.93179132227808e-05	Scil_19	0.0	Scil_28	0.0	Scil_15	0.0	Scil_19	0.0	Scil_13	0.0	Scil_13	0.0	Scil_26	0.0	Scil_13	0.0	Scil_15	0.0	Scil_26	0.0	Scil_23	0.0	Scil_20	0.0
Scil_6	0.0	Scil_38	0.0	Scil_6	0.0	Scil_5	0.0	Scil_6	0.0	Scil_6	0.0	Scil_27	0.0	Scil_6	0.0	Scil_29	0.0	Scil_6	0.0	Scil_6	0.0	Scil_6	0.0	Scil_38	0.0	Scil_6	0.0	Scil_6	0.0	Scil_6	0.0	Scil_34	0.0	Scil_6	0.0	Scil_6	0.0	Scil_35	0.0	Scil_38	0.0	Scil_6	0.0	Scil_35	0.0	Scil_6	0.0	Scil_10	0.0	Scil_4	0.0	Scil_38	0.0	Scil_6	0.0	Scil_6	0.0	Scil_37	0.0	Scil_6	0.0	Scil_6	0.0	Scil_6	0.0	Scil_38	0.0	Scil_37	0.0	Scil_37	0.0023263986924711194	Scil_38	0.0	Scil_6	0.0	Scil_6	0.0	Scil_38	0.0	Scil_6	0.0	Scil_6	0.0	Scil_38	0.0	Scil_6	0.0	Scil_35	0.0	Scil_6	0.0	Scil_6	0.0	Scil_6	0.0	Scil_6	0.0	Scil_6	0.0	Scil_6	0.0	Scil_36	0.0	Scil_38	0.0	Scil_6	0.0	Scil_6	0.0	Scil_38	0.0	Scil_5	0.0	Scil_38	0.0	Scil_6	0.0	Scil_6	0.0	Scil_6	0.0	Scil_6	0.0	Scil_6	0.0	Scil_6	0.0	Scil_6	0.0	Scil_6	0.0	Scil_35	0.0	Scil_38	0.0
Scil_5	0.0	Scil_35	0.0	Scil_5	0.0	Scil_38	0.0	Scil_5	0.0	Scil_8	0.0	Scil_33	0.0	Scil_5	0.0	Scil_27	0.0	Scil_5	0.0	Scil_5	0.0	Scil_5	0.0	Scil_35	0.0	Scil_5	0.0	Scil_5	0.0	Scil_5	0.0	Scil_33	0.0	Scil_5	0.0	Scil_5	0.0	Scil_34	0.0	Scil_37	0.0	Scil_5	0.0	Scil_37	0.0	Scil_5	0.0	Scil_36	0.0	Scil_37	0.0	Scil_35	0.0	Scil_5	0.0	Scil_5	0.0	Scil_28	0.0	Scil_5	0.0	Scil_5	0.0	Scil_5	0.0	Scil_37	0.0	Scil_31	0.0	Scil_35	0.0013366012719495818	Scil_35	0.0	Scil_5	0.0	Scil_5	0.0	Scil_37	0.0	Scil_5	0.0	Scil_5	0.0	Scil_37	0.0	Scil_8	0.0	Scil_36	0.0	Scil_5	0.0	Scil_5	0.0	Scil_5	0.0	Scil_5	0.0	Scil_5	0.0	Scil_5	0.0	Scil_37	0.0	Scil_37	0.0	Scil_5	0.0	Scil_5	0.0	Scil_37	0.0	Scil_38	0.0	Scil_37	0.0	Scil_5	0.0	Scil_5	0.0	Scil_5	0.0	Scil_5	0.0	Scil_5	0.0	Scil_5	0.0	Scil_5	0.0	Scil_5	0.0	Scil_36	0.0	Scil_34	0.0
Scil_4	0.0	Scil_36	0.0	Scil_4	0.0	Scil_7	0.0	Scil_4	0.0	Scil_9	0.0	Scil_2	0.0	Scil_4	0.0	Scil_2	0.0	Scil_4	0.0	Scil_4	0.0	Scil_4	0.0	Scil_36	0.0	Scil_4	0.0	Scil_4	0.0	Scil_4	0.0	Scil_27	0.0	Scil_4	0.0	Scil_4	0.0	Scil_36	0.0	Scil_31	0.0	Scil_4	0.0	Scil_33	0.0	Scil_4	0.0	Scil_38	0.0	Scil_28	0.0	Scil_8	0.0	Scil_4	0.0	Scil_4	0.0	Scil_31	0.0	Scil_4	0.0	Scil_4	0.0	Scil_4	0.0	Scil_31	0.0	Scil_27	0.0	Scil_27	0.0	Scil_32	0.0	Scil_4	0.0	Scil_4	0.0	Scil_35	0.0	Scil_4	0.0	Scil_4	0.0	Scil_34	0.0	Scil_9	0.0	Scil_27	0.0	Scil_4	0.0	Scil_4	0.0	Scil_4	0.0	Scil_4	0.0	Scil_4	0.0	Scil_4	0.0	Scil_27	0.0	Scil_31	0.0	Scil_4	0.0	Scil_4	0.0	Scil_24	0.0	Scil_7	0.0	Scil_31	0.0	Scil_4	0.0	Scil_4	0.0	Scil_4	0.0	Scil_4	0.0	Scil_4	0.0	Scil_4	0.0	Scil_4	0.0	Scil_4	0.0	Scil_24	0.0	Scil_35	0.0
Scil_38	0.0	Slac_0	0.0	Scil_38	0.0	Slac_0	0.0	Scil_38	0.0	Slac_0	0.0	Slac_0	0.0	Scil_38	0.0	Slac_0	0.0	Scil_38	0.0	Scil_38	0.0	Scil_38	0.0	Slac_0	0.0	Scil_38	0.0	Scil_38	0.0	Scil_38	0.0	Slac_0	0.0	Scil_38	0.0	Scil_38	0.0	Slac_0	0.0	Slac_0	0.0	Scil_38	0.0	Slac_0	0.0	Scil_38	0.0	Slac_0	0.0	Slac_0	0.0	Slac_0	0.0	Scil_38	0.0	Scil_38	0.0	Slac_0	0.0	Scil_38	0.0	Scil_38	0.0	Scil_38	0.0	Slac_0	0.0	Slac_0	0.0	Slac_0	0.0	Slac_0	0.0	Scil_38	0.0	Scil_38	0.0	Slac_0	0.0	Scil_38	0.0	Scil_38	0.0	Slac_0	0.0	Slac_0	0.0	Slac_0	0.0	Scil_38	0.0	Scil_38	0.0	Scil_38	0.0	Scil_38	0.0	Scil_38	0.0	Scil_38	0.0	Slac_0	0.0	Slac_0	0.0	Scil_38	0.0	Scil_38	0.0	Slac_0	0.0	Slac_0	0.0	Slac_0	0.0	Scil_38	0.0	Scil_38	0.0	Scil_38	0.0	Scil_38	0.0	Scil_38	0.0	Scil_38	0.0	Scil_38	0.0	Scil_38	0.0	Slac_0	0.0	Slac_0	0.0
Scil_37	0.0	Slac_1	0.0	Scil_37	0.0	Slac_1	0.0	Scil_37	0.0	Slac_1	0.0	Slac_1	0.0	Scil_37	0.0	Slac_1	0.0	Scil_37	0.0	Scil_37	0.0	Scil_37	0.0	Slac_1	0.0	Scil_37	0.0	Scil_37	0.0	Scil_37	0.0	Slac_1	0.0	Scil_37	0.0	Scil_37	0.0	Slac_1	0.0	Slac_1	0.0	Scil_37	0.0	Slac_1	0.0	Scil_37	0.0	Slac_1	0.0	Slac_1	0.0	Slac_1	0.0	Scil_37	0.0	Scil_37	0.0	Slac_1	0.0	Scil_37	0.0	Scil_37	0.0	Scil_37	0.0	Slac_1	0.0	Slac_1	0.0	Slac_1	0.0	Slac_1	0.0	Scil_37	0.0	Scil_37	0.0	Slac_1	0.0	Scil_37	0.0	Scil_37	0.0	Slac_1	0.0	Slac_1	0.0	Slac_1	0.0	Scil_37	0.0	Scil_37	0.0	Scil_37	0.0	Scil_37	0.0	Scil_37	0.0	Scil_37	0.0	Slac_1	0.0	Slac_1	0.0	Scil_37	0.0	Scil_37	0.0	Slac_1	0.0	Slac_1	0.0	Slac_1	0.0	Scil_37	0.0	Scil_37	0.0	Scil_37	0.0	Scil_37	0.0	Scil_37	0.0	Scil_37	0.0	Scil_37	0.0	Scil_37	0.0	Slac_1	0.0	Slac_1	0.0
Scil_36	0.0	Slac_10	0.0	Scil_36	0.0	Slac_10	0.0	Scil_36	0.0	Slac_10	0.0	Slac_10	0.0	Scil_36	0.0	Slac_10	0.0	Scil_36	0.0	Scil_36	0.0	Scil_36	0.0	Slac_10	0.0	Scil_36	0.0	Scil_36	0.0	Scil_36	0.0	Slac_10	0.0	Scil_36	0.0	Scil_36	0.0	Slac_10	0.0	Slac_10	0.0	Scil_36	0.0	Slac_10	0.0	Scil_36	0.0	Slac_10	0.0	Slac_10	0.0	Slac_10	0.0	Scil_36	0.0	Scil_36	0.0	Slac_10	0.0	Scil_36	0.0	Scil_36	0.0	Scil_36	0.0	Slac_10	0.0	Slac_10	0.0	Slac_10	0.0	Slac_10	0.0	Scil_36	0.0	Scil_36	0.0	Slac_10	0.0	Scil_36	0.0	Scil_36	0.0	Slac_10	0.0	Slac_10	0.0	Slac_10	0.0	Scil_36	0.0	Scil_36	0.0	Scil_36	0.0	Scil_36	0.0	Scil_36	0.0	Scil_36	0.0	Slac_10	0.0	Slac_10	0.0	Scil_36	0.0	Scil_36	0.0	Slac_10	0.0	Slac_10	0.0	Slac_10	0.0	Scil_36	0.0	Scil_36	0.0	Scil_36	0.0	Scil_36	0.0	Scil_36	0.0	Scil_36	0.0	Scil_36	0.0	Scil_36	0.0	Slac_10	0.0	Slac_10	0.0
Scil_35	0.0	Slac_11	0.0	Scil_35	0.0	Slac_11	0.0	Scil_35	0.0	Slac_11	0.0	Slac_11	0.0	Scil_35	0.0	Slac_11	0.0	Scil_35	0.0	Scil_35	0.0	Scil_35	0.0	Slac_11	0.0	Scil_35	0.0	Scil_35	0.0	Scil_35	0.0	Slac_11	0.0	Scil_35	0.0	Scil_35	0.0	Slac_11	0.0	Slac_11	0.0	Scil_35	0.0	Slac_11	0.0	Scil_35	0.0	Slac_11	0.0	Slac_11	0.0	Slac_11	0.0	Scil_35	0.0	Scil_35	0.0	Slac_11	0.0	Scil_35	0.0	Scil_35	0.0	Scil_35	0.0	Slac_11	0.0	Slac_11	0.0	Slac_11	0.0	Slac_11	0.0	Scil_35	0.0	Scil_35	0.0	Slac_11	0.0	Scil_35	0.0	Scil_35	0.0	Slac_11	0.0	Slac_11	0.0	Slac_11	0.0	Scil_35	0.0	Scil_35	0.0	Scil_35	0.0	Scil_35	0.0	Scil_35	0.0	Scil_35	0.0	Slac_11	0.0	Slac_11	0.0	Scil_35	0.0	Scil_35	0.0	Slac_11	0.0	Slac_11	0.0	Slac_11	0.0	Scil_35	0.0	Scil_35	0.0	Scil_35	0.0	Scil_35	0.0	Scil_35	0.0	Scil_35	0.0	Scil_35	0.0	Scil_35	0.0	Slac_11	0.0	Slac_11	0.0
Scil_34	0.0	Slac_12	0.0	Scil_34	0.0	Slac_12	0.0	Scil_34	0.0	Slac_12	0.0	Slac_12	0.0	Scil_34	0.0	Slac_12	0.0	Scil_34	0.0	Scil_34	0.0	Scil_34	0.0	Slac_12	0.0	Scil_34	0.0	Scil_34	0.0	Scil_34	0.0	Slac_12	0.0	Scil_34	0.0	Scil_34	0.0	Slac_12	0.0	Slac_12	0.0	Scil_34	0.0	Slac_12	0.0	Scil_34	0.0	Slac_12	0.0	Slac_12	0.0	Slac_12	0.0	Scil_34	0.0	Scil_34	0.0	Slac_12	0.0	Scil_34	0.0	Scil_34	0.0	Scil_34	0.0	Slac_12	0.0	Slac_12	0.0	Slac_12	0.0	Slac_12	0.0	Scil_34	0.0	Scil_34	0.0	Slac_12	0.0	Scil_34	0.0	Scil_34	0.0	Slac_12	0.0	Slac_12	0.0	Slac_12	0.0	Scil_34	0.0	Scil_34	0.0	Scil_34	0.0	Scil_34	0.0	Scil_34	0.0	Scil_34	0.0	Slac_12	0.0	Slac_12	0.0	Scil_34	0.0	Scil_34	0.0	Slac_12	0.0	Slac_12	0.0	Slac_12	0.0	Scil_34	0.0	Scil_34	0.0	Scil_34	0.0	Scil_34	0.0	Scil_34	0.0	Scil_34	0.0	Scil_34	0.0	Scil_34	0.0	Slac_12	0.0	Slac_12	0.0
Scil_33	0.0	Slac_13	0.0	Scil_33	0.0	Slac_13	0.0	Scil_33	0.0	Slac_13	0.0	Slac_13	0.0	Scil_33	0.0	Slac_13	0.0	Scil_33	0.0	Scil_33	0.0	Scil_33	0.0	Slac_13	0.0	Scil_33	0.0	Scil_33	0.0	Scil_33	0.0	Slac_13	0.0	Scil_33	0.0	Scil_33	0.0	Slac_13	0.0	Slac_13	0.0	Scil_33	0.0	Slac_13	0.0	Scil_33	0.0	Slac_13	0.0	Slac_13	0.0	Slac_13	0.0	Scil_33	0.0	Scil_33	0.0	Slac_13	0.0	Scil_33	0.0	Scil_33	0.0	Scil_33	0.0	Slac_13	0.0	Slac_13	0.0	Slac_13	0.0	Slac_13	0.0	Scil_33	0.0	Scil_33	0.0	Slac_13	0.0	Scil_33	0.0	Scil_33	0.0	Slac_13	0.0	Slac_13	0.0	Slac_13	0.0	Scil_33	0.0	Scil_33	0.0	Scil_33	0.0	Scil_33	0.0	Scil_33	0.0	Scil_33	0.0	Slac_13	0.0	Slac_13	0.0	Scil_33	0.0	Scil_33	0.0	Slac_13	0.0	Slac_13	0.0	Slac_13	0.0	Scil_33	0.0	Scil_33	0.0	Scil_33	0.0	Scil_33	0.0	Scil_33	0.0	Scil_33	0.0	Scil_33	0.0	Scil_33	0.0	Slac_13	0.0	Slac_13	0.0
Scil_32	0.0	Slac_14	0.0	Scil_32	0.0	Slac_14	0.0	Scil_32	0.0	Slac_14	0.0	Slac_14	0.0	Scil_32	0.0	Slac_14	0.0	Scil_32	0.0	Scil_32	0.0	Scil_32	0.0	Slac_14	0.0	Scil_32	0.0	Scil_32	0.0	Scil_32	0.0	Slac_14	0.0	Scil_32	0.0	Scil_32	0.0	Slac_14	0.0	Slac_14	0.0	Scil_32	0.0	Slac_14	0.0	Scil_32	0.0	Slac_14	0.0	Slac_14	0.0	Slac_14	0.0	Scil_32	0.0	Scil_32	0.0	Slac_14	0.0	Scil_32	0.0	Scil_32	0.0	Scil_32	0.0	Slac_14	0.0	Slac_14	0.0	Slac_14	0.0	Slac_14	0.0	Scil_32	0.0	Scil_32	0.0	Slac_14	0.0	Scil_32	0.0	Scil_32	0.0	Slac_14	0.0	Slac_14	0.0	Slac_14	0.0	Scil_32	0.0	Scil_32	0.0	Scil_32	0.0	Scil_32	0.0	Scil_32	0.0	Scil_32	0.0	Slac_14	0.0	Slac_14	0.0	Scil_32	0.0	Scil_32	0.0	Slac_14	0.0	Slac_14	0.0	Slac_14	0.0	Scil_32	0.0	Scil_32	0.0	Scil_32	0.0	Scil_32	0.0	Scil_32	0.0	Scil_32	0.0	Scil_32	0.0	Scil_32	0.0	Slac_14	0.0	Slac_14	0.0
Scil_31	0.0	Slac_15	0.0	Scil_31	0.0	Slac_15	0.0	Scil_31	0.0	Slac_15	0.0	Slac_15	0.0	Scil_31	0.0	Slac_15	0.0	Scil_31	0.0	Scil_31	0.0	Scil_31	0.0	Slac_15	0.0	Scil_31	0.0	Scil_31	0.0	Scil_31	0.0	Slac_15	0.0	Scil_31	0.0	Scil_31	0.0	Slac_15	0.0	Slac_15	0.0	Scil_31	0.0	Slac_15	0.0	Slac_15	0.0	Slac_15	0.0	Slac_15	0.0	Slac_15	0.0	Scil_31	0.0	Scil_31	0.0	Slac_15	0.0	Scil_31	0.0	Scil_31	0.0	Scil_31	0.0	Slac_15	0.0	Slac_15	0.0	Slac_15	0.0	Slac_15	0.0	Scil_31	0.0	Scil_31	0.0	Slac_15	0.0	Scil_31	0.0	Scil_31	0.0	Slac_15	0.0	Slac_15	0.0	Slac_15	0.0	Scil_31	0.0	Scil_31	0.0	Scil_31	0.0	Scil_31	0.0	Scil_31	0.0	Scil_31	0.0	Slac_15	0.0	Slac_15	0.0	Scil_31	0.0	Scil_31	0.0	Slac_15	0.0	Slac_15	0.0	Slac_15	0.0	Scil_31	0.0	Scil_31	0.0	Scil_31	0.0	Scil_31	0.0	Scil_31	0.0	Scil_31	0.0	Scil_31	0.0	Scil_31	0.0	Slac_15	0.0	Slac_15	0.0
Scil_30	0.0	Slac_16	0.0	Scil_30	0.0	Slac_16	0.0	Scil_30	0.0	Slac_16	0.0	Slac_16	0.0	Scil_30	0.0	Slac_16	0.0	Scil_30	0.0	Scil_30	0.0	Scil_30	0.0	Slac_16	0.0	Scil_30	0.0	Scil_30	0.0	Scil_30	0.0	Slac_16	0.0	Scil_30	0.0	Scil_30	0.0	Slac_16	0.0	Slac_16	0.0	Scil_30	0.0	Slac_16	0.0	Slac_13	0.0	Slac_16	0.0	Slac_16	0.0	Slac_16	0.0	Scil_30	0.0	Scil_30	0.0	Slac_16	0.0	Scil_30	0.0	Scil_30	0.0	Scil_30	0.0	Slac_16	0.0	Slac_16	0.0	Slac_16	0.0	Slac_16	0.0	Scil_30	0.0	Scil_30	0.0	Slac_16	0.0	Scil_30	0.0	Scil_30	0.0	Slac_16	0.0	Slac_16	0.0	Slac_16	0.0	Scil_30	0.0	Scil_30	0.0	Scil_30	0.0	Scil_30	0.0	Scil_30	0.0	Scil_30	0.0	Slac_16	0.0	Slac_16	0.0	Scil_30	0.0	Scil_30	0.0	Slac_16	0.0	Slac_16	0.0	Slac_16	0.0	Scil_30	0.0	Scil_30	0.0	Scil_30	0.0	Scil_30	0.0	Scil_30	0.0	Scil_30	0.0	Scil_30	0.0	Scil_30	0.0	Slac_16	0.0	Slac_16	0.0
Scil_3	0.0	Slac_17	0.0	Scil_3	0.0	Slac_17	0.0	Scil_3	0.0	Slac_17	0.0	Slac_17	0.0	Scil_3	0.0	Slac_17	0.0	Scil_3	0.0	Scil_3	0.0	Scil_3	0.0	Slac_17	0.0	Scil_3	0.0	Scil_3	0.0	Scil_3	0.0	Slac_17	0.0	Scil_3	0.0	Scil_3	0.0	Slac_17	0.0	Slac_17	0.0	Scil_3	0.0	Slac_17	0.0	Slac_11	0.0	Slac_17	0.0	Slac_17	0.0	Slac_17	0.0	Scil_3	0.0	Scil_3	0.0	Slac_17	0.0	Scil_3	0.0	Scil_3	0.0	Scil_3	0.0	Slac_17	0.0	Slac_17	0.0	Slac_17	0.0	Slac_17	0.0	Scil_3	0.0	Scil_3	0.0	Slac_17	0.0	Scil_3	0.0	Scil_3	0.0	Slac_17	0.0	Slac_17	0.0	Slac_17	0.0	Scil_3	0.0	Scil_3	0.0	Scil_3	0.0	Scil_3	0.0	Scil_3	0.0	Scil_3	0.0	Slac_17	0.0	Slac_17	0.0	Scil_3	0.0	Scil_3	0.0	Slac_17	0.0	Slac_17	0.0	Slac_17	0.0	Scil_3	0.0	Scil_3	0.0	Scil_3	0.0	Scil_3	0.0	Scil_3	0.0	Scil_3	0.0	Scil_3	0.0	Scil_3	0.0	Slac_17	0.0	Slac_17	0.0
Scil_29	0.0	Slac_18	0.0	Scil_29	0.0	Slac_18	0.0	Scil_29	0.0	Slac_18	0.0	Slac_18	0.0	Scil_29	0.0	Slac_18	0.0	Scil_29	0.0	Scil_29	0.0	Scil_29	0.0	Slac_18	0.0	Scil_29	0.0	Scil_29	0.0	Scil_29	0.0	Slac_18	0.0	Scil_29	0.0	Scil_29	0.0	Slac_18	0.0	Slac_18	0.0	Scil_29	0.0	Slac_18	0.0	Scil_9	0.0	Slac_18	0.0	Slac_18	0.0	Slac_18	0.0	Scil_29	0.0	Scil_29	0.0	Slac_18	0.0	Scil_29	0.0	Scil_29	0.0	Scil_29	0.0	Slac_18	0.0	Slac_18	0.0	Slac_18	0.0	Slac_18	0.0	Scil_29	0.0	Scil_29	0.0	Slac_18	0.0	Scil_29	0.0	Scil_29	0.0	Slac_18	0.0	Slac_18	0.0	Slac_18	0.0	Scil_29	0.0	Scil_29	0.0	Scil_29	0.0	Scil_29	0.0	Scil_29	0.0	Scil_29	0.0	Slac_18	0.0	Slac_18	0.0	Scil_29	0.0	Scil_29	0.0	Slac_18	0.0	Slac_18	0.0	Slac_18	0.0	Scil_29	0.0	Scil_29	0.0	Scil_29	0.0	Scil_29	0.0	Scil_29	0.0	Scil_29	0.0	Scil_29	0.0	Scil_29	0.0	Slac_18	0.0	Slac_18	0.0
Scil_28	0.0	Slac_19	0.0	Scil_28	0.0	Slac_19	0.0	Scil_28	0.0	Slac_19	0.0	Slac_19	0.0	Scil_28	0.0	Slac_19	0.0	Scil_28	0.0	Scil_28	0.0	Scil_28	0.0	Slac_19	0.0	Scil_28	0.0	Scil_28	0.0	Scil_28	0.0	Slac_19	0.0	Scil_28	0.0	Scil_28	0.0	Slac_19	0.0	Slac_19	0.0	Scil_28	0.0	Slac_19	0.0	Scil_7	0.0	Slac_19	0.0	Slac_19	0.0	Slac_19	0.0	Scil_28	0.0	Scil_28	0.0	Slac_19	0.0	Scil_28	0.0	Scil_28	0.0	Scil_28	0.0	Slac_19	0.0	Slac_19	0.0	Slac_19	0.0	Slac_19	0.0	Scil_28	0.0	Scil_28	0.0	Slac_19	0.0	Scil_28	0.0	Scil_28	0.0	Slac_19	0.0	Slac_19	0.0	Slac_19	0.0	Scil_28	0.0	Scil_28	0.0	Scil_28	0.0	Scil_28	0.0	Scil_28	0.0	Scil_28	0.0	Slac_19	0.0	Slac_19	0.0	Scil_28	0.0	Scil_28	0.0	Slac_19	0.0	Slac_19	0.0	Slac_19	0.0	Scil_28	0.0	Scil_28	0.0	Scil_28	0.0	Scil_28	0.0	Scil_28	0.0	Scil_28	0.0	Scil_28	0.0	Scil_9	0.0	Slac_19	0.0	Slac_19	0.0
Scil_27	0.0	Slac_2	0.0	Scil_27	0.0	Slac_2	0.0	Scil_27	0.0	Slac_2	0.0	Slac_2	0.0	Scil_27	0.0	Slac_2	0.0	Scil_27	0.0	Scil_27	0.0	Scil_27	0.0	Slac_2	0.0	Scil_27	0.0	Scil_27	0.0	Scil_27	0.0	Slac_2	0.0	Scil_27	0.0	Scil_27	0.0	Slac_2	0.0	Slac_2	0.0	Scil_27	0.0	Slac_2	0.0	Scil_8	0.0	Slac_2	0.0	Slac_2	0.0	Slac_2	0.0	Scil_27	0.0	Scil_27	0.0	Slac_2	0.0	Scil_27	0.0	Scil_27	0.0	Scil_27	0.0	Slac_2	0.0	Slac_2	0.0	Slac_2	0.0	Slac_2	0.0	Scil_27	0.0	Scil_27	0.0	Slac_2	0.0	Scil_27	0.0	Scil_27	0.0	Slac_2	0.0	Slac_2	0.0	Slac_2	0.0	Scil_27	0.0	Scil_27	0.0	Scil_27	0.0	Scil_27	0.0	Scil_27	0.0	Scil_27	0.0	Slac_2	0.0	Slac_2	0.0	Scil_27	0.0	Scil_27	0.0	Slac_2	0.0	Slac_2	0.0	Slac_2	0.0	Scil_27	0.0	Scil_27	0.0	Scil_27	0.0	Scil_27	0.0	Scil_27	0.0	Scil_27	0.0	Scil_27	0.0	Scil_7	0.0	Slac_2	0.0	Slac_2	0.0
Scil_26	0.0	Slac_20	0.0	Scil_26	0.0	Slac_20	0.0	Scil_26	0.0	Slac_20	0.0	Slac_20	0.0	Scil_26	0.0	Slac_20	0.0	Scil_26	0.0	Scil_26	0.0	Scil_26	0.0	Slac_20	0.0	Scil_26	0.0	Scil_26	0.0	Scil_26	0.0	Slac_20	0.0	Scil_26	0.0	Scil_26	0.0	Slac_20	0.0	Slac_20	0.0	Scil_26	0.0	Slac_20	0.0	Slac_2	0.0	Slac_20	0.0	Slac_20	0.0	Slac_20	0.0	Scil_26	0.0	Scil_26	0.0	Slac_20	0.0	Scil_26	0.0	Scil_26	0.0	Scil_26	0.0	Slac_20	0.0	Slac_20	0.0	Slac_20	0.0	Slac_20	0.0	Scil_26	0.0	Scil_26	0.0	Slac_20	0.0	Scil_26	0.0	Scil_26	0.0	Slac_20	0.0	Slac_20	0.0	Slac_20	0.0	Scil_26	0.0	Scil_26	0.0	Scil_26	0.0	Scil_26	0.0	Scil_26	0.0	Scil_26	0.0	Slac_20	0.0	Slac_20	0.0	Scil_26	0.0	Scil_26	0.0	Slac_20	0.0	Slac_20	0.0	Slac_20	0.0	Scil_26	0.0	Scil_26	0.0	Scil_26	0.0	Scil_26	0.0	Slac_19	0.0	Scil_26	0.0	Scil_26	0.0	Slac_2	0.0	Slac_20	0.0	Slac_20	0.0
Scil_25	0.0	Slac_21	0.0	Scil_25	0.0	Slac_21	0.0	Scil_8	0.0	Slac_21	0.0	Slac_21	0.0	Scil_25	0.0	Slac_21	0.0	Slac_18	0.0	Scil_25	0.0	Scil_25	0.0	Slac_21	0.0	Scil_25	0.0	Slac_2	0.0	Scil_25	0.0	Slac_21	0.0	Scil_25	0.0	Scil_25	0.0	Slac_21	0.0	Slac_21	0.0	Slac_19	0.0	Slac_21	0.0	Slac_19	0.0	Slac_21	0.0	Slac_21	0.0	Slac_21	0.0	Scil_25	0.0	Scil_25	0.0	Slac_21	0.0	Scil_25	0.0	Scil_25	0.0	Scil_25	0.0	Slac_21	0.0	Slac_21	0.0	Slac_21	0.0	Slac_21	0.0	Scil_25	0.0	Scil_25	0.0	Slac_21	0.0	Scil_25	0.0	Scil_25	0.0	Slac_21	0.0	Slac_21	0.0	Slac_21	0.0	Scil_25	0.0	Scil_25	0.0	Scil_25	0.0	Scil_25	0.0	Scil_25	0.0	Scil_25	0.0	Slac_21	0.0	Slac_21	0.0	Scil_25	0.0	Scil_25	0.0	Slac_21	0.0	Slac_21	0.0	Slac_21	0.0	Scil_25	0.0	Scil_25	0.0	Scil_25	0.0	Scil_25	0.0	Slac_13	0.0	Scil_25	0.0	Scil_25	0.0	Slac_17	0.0	Slac_21	0.0	Slac_21	0.0
Scil_24	0.0	Slac_22	0.0	Scil_24	0.0	Slac_22	0.0	Slac_16	0.0	Slac_22	0.0	Slac_22	0.0	Slac_14	0.0	Slac_22	0.0	Slac_16	0.0	Scil_8	0.0	Scil_24	0.0	Slac_22	0.0	Scil_24	0.0	Slac_14	0.0	Scil_24	0.0	Slac_22	0.0	Scil_24	0.0	Scil_24	0.0	Slac_22	0.0	Slac_22	0.0	Slac_14	0.0	Slac_22	0.0	Slac_18	0.0	Slac_22	0.0	Slac_22	0.0	Slac_22	0.0	Scil_24	0.0	Scil_24	0.0	Slac_22	0.0	Scil_24	0.0	Scil_24	0.0	Scil_24	0.0	Slac_22	0.0	Slac_22	0.0	Slac_22	0.0	Slac_22	0.0	Scil_24	0.0	Scil_24	0.0	Slac_22	0.0	Scil_24	0.0	Scil_24	0.0	Slac_22	0.0	Slac_22	0.0	Slac_22	0.0	Scil_24	0.0	Scil_24	0.0	Scil_24	0.0	Scil_24	0.0	Scil_24	0.0	Scil_24	0.0	Slac_22	0.0	Slac_22	0.0	Scil_24	0.0	Scil_24	0.0	Slac_22	0.0	Slac_22	0.0	Slac_22	0.0	Scil_24	0.0	Scil_24	0.0	Scil_24	0.0	Scil_24	0.0	Scil_7	0.0	Scil_24	0.0	Scil_24	0.0	Slac_15	0.0	Slac_22	0.0	Slac_22	0.0
Slac_14	0.0	Slac_23	0.0	Scil_23	0.0	Slac_23	0.0	Scil_7	0.0	Slac_23	0.0	Slac_23	0.0	Scil_7	0.0	Slac_23	0.0	Scil_7	0.0	Slac_16	0.0	Scil_23	0.0	Slac_23	0.0	Scil_23	0.0	Slac_15	0.0	Scil_23	0.0	Slac_23	0.0	Scil_23	0.0	Scil_23	0.0	Slac_23	0.0	Slac_23	0.0	Slac_15	0.0	Slac_23	0.0	Slac_16	0.0	Slac_23	0.0	Slac_23	0.0	Slac_23	0.0	Scil_23	0.0	Scil_23	0.0	Slac_23	0.0	Slac_16	0.0	Scil_23	0.0	Scil_23	0.0	Slac_23	0.0	Slac_23	0.0	Slac_23	0.0	Slac_23	0.0	Scil_23	0.0	Scil_23	0.0	Slac_23	0.0	Scil_23	0.0	Scil_23	0.0	Slac_23	0.0	Slac_23	0.0	Slac_23	0.0	Scil_23	0.0	Scil_23	0.0	Scil_23	0.0	Scil_23	0.0	Scil_23	0.0	Scil_23	0.0	Slac_23	0.0	Slac_23	0.0	Scil_23	0.0	Scil_23	0.0	Slac_23	0.0	Slac_23	0.0	Slac_23	0.0	Scil_23	0.0	Slac_16	0.0	Scil_23	0.0	Scil_23	0.0	Scil_8	0.0	Scil_23	0.0	Scil_23	0.0	Slac_16	0.0	Slac_23	0.0	Slac_23	0.0
Scil_9	0.0	Slac_24	0.0	Scil_22	0.0	Slac_24	0.0	Scil_9	0.0	Slac_24	0.0	Slac_24	0.0	Scil_9	0.0	Slac_24	0.0	Scil_9	0.0	Slac_0	0.0	Scil_22	0.0	Slac_24	0.0	Scil_22	0.0	Slac_13	0.0	Scil_22	0.0	Slac_24	0.0	Scil_22	0.0	Scil_22	0.0	Slac_24	0.0	Slac_24	0.0	Scil_9	0.0	Slac_24	0.0	Slac_14	0.0	Slac_24	0.0	Slac_24	0.0	Slac_24	0.0	Scil_22	0.0	Scil_22	0.0	Slac_24	0.0	Slac_0	0.0	Scil_22	0.0	Scil_22	0.0	Slac_24	0.0	Slac_24	0.0	Slac_24	0.0	Slac_24	0.0	Scil_22	0.0	Scil_22	0.0	Slac_24	0.0	Scil_22	0.0	Scil_22	0.0	Slac_24	0.0	Slac_24	0.0	Slac_24	0.0	Scil_22	0.0	Scil_22	0.0	Scil_22	0.0	Scil_22	0.0	Scil_22	0.0	Scil_22	0.0	Slac_24	0.0	Slac_24	0.0	Scil_22	0.0	Scil_22	0.0	Slac_24	0.0	Slac_24	0.0	Slac_24	0.0	Scil_22	0.0	Scil_9	0.0	Scil_22	0.0	Scil_22	0.0	Slac_0	0.0	Scil_22	0.0	Scil_22	0.0	Slac_14	0.0	Slac_24	0.0	Slac_24	0.0
Scil_8	0.0	Slac_25	0.0	Scil_21	0.0	Slac_25	0.0	Slac_12	0.0	Slac_25	0.0	Slac_25	0.0	Scil_8	0.0	Slac_25	0.0	Scil_8	0.0	Scil_9	0.0	Scil_21	0.0	Slac_25	0.0	Scil_21	0.0	Scil_8	0.0	Scil_21	0.0	Slac_25	0.0	Scil_21	0.0	Scil_21	0.0	Slac_25	0.0	Slac_25	0.0	Scil_8	0.0	Slac_25	0.0	Slac_23	0.0	Slac_25	0.0	Slac_25	0.0	Slac_25	0.0	Scil_21	0.0	Scil_21	0.0	Slac_25	0.0	Scil_9	0.0	Scil_21	0.0	Scil_21	0.0	Slac_25	0.0	Slac_25	0.0	Slac_25	0.0	Slac_25	0.0	Slac_0	0.0	Scil_21	0.0	Slac_25	0.0	Scil_21	0.0	Scil_21	0.0	Slac_25	0.0	Slac_25	0.0	Slac_25	0.0	Scil_21	0.0	Scil_21	0.0	Scil_21	0.0	Scil_21	0.0	Scil_21	0.0	Scil_21	0.0	Slac_25	0.0	Slac_25	0.0	Scil_21	0.0	Scil_21	0.0	Slac_25	0.0	Slac_25	0.0	Slac_25	0.0	Scil_21	0.0	Scil_8	0.0	Scil_21	0.0	Scil_21	0.0	Scil_9	0.0	Scil_21	0.0	Scil_21	0.0	Scil_8	0.0	Slac_25	0.0	Slac_25	0.0
Scil_7	0.0	Slac_26	0.0	Scil_20	0.0	Slac_26	0.0	Slac_10	0.0	Slac_26	0.0	Slac_26	0.0	Slac_11	0.0	Slac_26	0.0	Slac_10	0.0	Slac_10	0.0	Scil_20	0.0	Slac_26	0.0	Scil_20	0.0	Scil_7	0.0	Scil_20	0.0	Slac_26	0.0	Scil_20	0.0	Scil_20	0.0	Slac_26	0.0	Slac_26	0.0	Scil_7	0.0	Slac_26	0.0	Slac_22	0.0	Slac_26	0.0	Slac_26	0.0	Slac_26	0.0	Scil_20	0.0	Scil_20	0.0	Slac_26	0.0	Scil_8	0.0	Scil_20	0.0	Scil_20	0.0	Slac_26	0.0	Slac_26	0.0	Slac_26	0.0	Slac_26	0.0	Slac_1	0.0	Scil_20	0.0	Slac_26	0.0	Scil_20	0.0	Scil_20	0.0	Slac_26	0.0	Slac_26	0.0	Slac_26	0.0	Scil_20	0.0	Scil_20	0.0	Scil_20	0.0	Scil_20	0.0	Scil_20	0.0	Scil_20	0.0	Slac_26	0.0	Slac_26	0.0	Slac_10	0.0	Scil_20	0.0	Slac_26	0.0	Slac_26	0.0	Slac_26	0.0	Scil_20	0.0	Scil_7	0.0	Scil_20	0.0	Scil_20	0.0	Slac_1	0.0	Scil_20	0.0	Scil_20	0.0	Slac_11	0.0	Slac_26	0.0	Slac_26	0.0
Slac_11	0.0	Slac_27	0.0	Scil_2	0.0	Slac_27	0.0	Slac_20	0.0	Slac_27	0.0	Slac_27	0.0	Slac_12	0.0	Slac_27	0.0	Slac_12	0.0	Scil_7	0.0	Scil_2	0.0	Slac_27	0.0	Scil_2	0.0	Slac_11	0.0	Scil_2	0.0	Slac_27	0.0	Scil_2	0.0	Scil_2	0.0	Slac_27	0.0	Slac_27	0.0	Slac_11	0.0	Slac_27	0.0	Slac_21	0.0	Slac_27	0.0	Slac_27	0.0	Slac_27	0.0	Scil_2	0.0	Scil_2	0.0	Slac_27	0.0	Scil_7	0.0	Scil_2	0.0	Scil_2	0.0	Slac_27	0.0	Slac_27	0.0	Slac_27	0.0	Slac_27	0.0	Scil_9	0.0	Scil_2	0.0	Slac_27	0.0	Scil_2	0.0	Scil_2	0.0	Slac_27	0.0	Slac_27	0.0	Slac_27	0.0	Scil_2	0.0	Scil_8	0.0	Scil_2	0.0	Slac_11	0.0	Scil_2	0.0	Scil_2	0.0	Slac_27	0.0	Slac_27	0.0	Scil_7	0.0	Scil_2	0.0	Slac_27	0.0	Slac_27	0.0	Slac_27	0.0	Scil_2	0.0	Slac_10	0.0	Scil_2	0.0	Scil_2	0.0	Slac_11	0.0	Scil_2	0.0	Scil_2	0.0	Slac_12	0.0	Slac_27	0.0	Slac_27	0.0
Slac_2	0.0	Slac_28	0.0	Scil_19	0.0	Slac_28	0.0	Slac_27	0.0	Slac_28	0.0	Slac_28	0.0	Slac_2	0.0	Slac_28	0.0	Slac_2	0.0	Slac_18	0.0	Scil_19	0.0	Slac_28	0.0	Scil_19	0.0	Scil_9	0.0	Scil_19	0.0	Slac_28	0.0	Scil_9	0.0	Slac_19	0.0	Slac_28	0.0	Slac_28	0.0	Slac_2	0.0	Slac_28	0.0	Slac_27	0.0	Slac_28	0.0	Slac_28	0.0	Slac_28	0.0	Scil_19	0.0	Scil_19	0.0	Slac_28	0.0	Slac_19	0.0	Scil_19	0.0	Scil_19	0.0	Slac_28	0.0	Slac_28	0.0	Slac_28	0.0	Slac_28	0.0	Slac_19	0.0	Scil_19	0.0	Slac_28	0.0	Scil_19	0.0	Scil_19	0.0	Slac_28	0.0	Slac_28	0.0	Slac_28	0.0	Scil_19	0.0	Slac_19	0.0	Scil_19	0.0	Slac_19	0.0	Scil_19	0.0	Scil_19	0.0	Slac_28	0.0	Slac_28	0.0	Slac_0	0.0	Scil_19	0.0	Slac_28	0.0	Slac_28	0.0	Slac_28	0.0	Scil_19	0.0	Slac_17	0.0	Scil_19	0.0	Scil_19	0.0	Slac_27	0.0	Scil_19	0.0	Scil_19	0.0	Slac_27	0.0	Slac_28	0.0	Slac_28	0.0
Slac_15	0.0	Slac_3	0.0	Scil_18	0.0	Slac_3	0.0	Slac_26	0.0	Slac_3	0.0	Slac_3	0.0	Slac_15	0.0	Slac_3	0.0	Slac_26	0.0	Slac_26	0.0	Scil_18	0.0	Slac_3	0.0	Scil_9	0.0	Slac_19	0.0	Scil_18	0.0	Slac_3	0.0	Scil_8	0.0	Slac_13	0.0	Slac_3	0.0	Slac_3	0.0	Slac_22	0.0	Slac_3	0.0	Slac_25	0.0	Slac_3	0.0	Slac_3	0.0	Slac_3	0.0	Scil_18	0.0	Scil_18	0.0	Slac_3	0.0	Slac_18	0.0	Scil_18	0.0	Scil_18	0.0	Slac_3	0.0	Slac_3	0.0	Slac_3	0.0	Slac_3	0.0	Slac_13	0.0	Scil_18	0.0	Slac_3	0.0	Scil_18	0.0	Scil_18	0.0	Slac_3	0.0	Slac_3	0.0	Slac_3	0.0	Scil_18	0.0	Slac_13	0.0	Scil_18	0.0	Slac_13	0.0	Scil_18	0.0	Slac_19	0.0	Slac_3	0.0	Slac_3	0.0	Scil_9	0.0	Scil_18	0.0	Slac_3	0.0	Slac_3	0.0	Slac_3	0.0	Scil_18	0.0	Slac_26	0.0	Scil_18	0.0	Scil_18	0.0	Slac_20	0.0	Scil_18	0.0	Scil_9	0.0	Slac_25	0.0	Slac_3	0.0	Slac_3	0.0
Slac_27	0.0	Slac_4	0.0	Slac_19	0.0	Slac_4	0.0	Slac_25	0.0	Slac_4	0.0	Slac_4	0.0	Slac_27	0.0	Slac_4	0.0	Slac_27	0.0	Slac_27	0.0	Scil_17	0.0	Slac_4	0.0	Scil_7	0.0	Slac_27	0.0	Scil_17	0.0	Slac_4	0.0	Scil_7	0.0	Scil_7	0.0	Slac_4	0.0	Slac_4	0.0	Slac_27	0.0	Slac_4	0.0	Slac_24	0.0	Slac_4	0.0	Slac_4	0.0	Slac_4	0.0	Scil_17	0.0	Scil_17	0.0	Slac_4	0.0	Slac_13	0.0	Scil_17	0.0	Scil_17	0.0	Slac_4	0.0	Slac_4	0.0	Slac_4	0.0	Slac_4	0.0	Scil_8	0.0	Scil_7	0.0	Slac_4	0.0	Slac_19	0.0	Scil_17	0.0	Slac_4	0.0	Slac_4	0.0	Slac_4	0.0	Scil_17	0.0	Scil_7	0.0	Scil_7	0.0	Slac_1	0.0	Scil_17	0.0	Scil_7	0.0	Slac_4	0.0	Slac_4	0.0	Scil_8	0.0	Scil_17	0.0	Slac_4	0.0	Slac_4	0.0	Slac_4	0.0	Scil_17	0.0	Slac_27	0.0	Scil_17	0.0	Scil_17	0.0	Slac_21	0.0	Scil_17	0.0	Scil_7	0.0	Slac_24	0.0	Slac_4	0.0	Slac_4	0.0
Slac_24	0.0	Slac_5	0.0	Scil_8	0.0	Slac_5	0.0	Slac_24	0.0	Slac_5	0.0	Slac_5	0.0	Slac_24	0.0	Slac_5	0.0	Slac_24	0.0	Slac_24	0.0	Scil_16	0.0	Slac_5	0.0	Scil_8	0.0	Slac_24	0.0	Scil_16	0.0	Slac_5	0.0	Slac_10	0.0	Scil_8	0.0	Slac_5	0.0	Slac_5	0.0	Slac_28	0.0	Slac_5	0.0	Slac_28	0.0	Slac_5	0.0	Slac_5	0.0	Slac_5	0.0	Scil_8	0.0	Scil_8	0.0	Slac_5	0.0	Slac_21	0.0	Scil_16	0.0	Scil_8	0.0	Slac_5	0.0	Slac_5	0.0	Slac_5	0.0	Slac_5	0.0	Scil_7	0.0	Scil_8	0.0	Slac_5	0.0	Slac_11	0.0	Scil_16	0.0	Slac_5	0.0	Slac_5	0.0	Slac_5	0.0	Scil_8	0.0	Slac_1	0.0	Scil_8	0.0	Scil_7	0.0	Scil_16	0.0	Scil_8	0.0	Slac_5	0.0	Slac_5	0.0	Slac_21	0.0	Scil_16	0.0	Slac_5	0.0	Slac_5	0.0	Slac_5	0.0	Scil_16	0.0	Slac_22	0.0	Scil_16	0.0	Scil_16	0.0	Slac_22	0.0	Scil_16	0.0	Scil_8	0.0	Slac_23	0.0	Slac_5	0.0	Slac_5	0.0
Slac_5	0.0	Slac_6	0.0	Scil_9	0.0	Slac_6	0.0	Slac_23	0.0	Slac_6	0.0	Slac_6	0.0	Slac_5	0.0	Slac_6	0.0	Slac_20	0.0	Slac_20	0.0	Scil_7	0.0	Slac_6	0.0	Slac_17	0.0	Slac_5	0.0	Scil_7	0.0	Slac_6	0.0	Slac_24	0.0	Scil_9	0.0	Slac_6	0.0	Slac_6	0.0	Slac_5	0.0	Slac_6	0.0	Slac_5	0.0	Slac_6	0.0	Slac_6	0.0	Slac_6	0.0	Scil_7	0.0	Slac_19	0.0	Slac_6	0.0	Slac_27	0.0	Scil_15	0.0	Scil_7	0.0	Slac_6	0.0	Slac_6	0.0	Slac_6	0.0	Slac_6	0.0	Slac_27	0.0	Slac_19	0.0	Slac_6	0.0	Scil_9	0.0	Scil_7	0.0	Slac_6	0.0	Slac_6	0.0	Slac_6	0.0	Slac_19	0.0	Scil_9	0.0	Slac_16	0.0	Scil_9	0.0	Scil_15	0.0	Scil_9	0.0	Slac_6	0.0	Slac_6	0.0	Slac_24	0.0	Slac_19	0.0	Slac_6	0.0	Slac_6	0.0	Slac_6	0.0	Scil_7	0.0	Slac_20	0.0	Scil_15	0.0	Scil_15	0.0	Slac_3	0.0	Scil_15	0.0	Slac_19	0.0	Slac_21	0.0	Slac_6	0.0	Slac_6	0.0
Slac_4	0.0	Slac_7	0.0	Slac_13	0.0	Slac_7	0.0	Slac_22	0.0	Slac_7	0.0	Slac_7	0.0	Slac_4	0.0	Slac_7	0.0	Slac_21	0.0	Slac_21	0.0	Scil_9	0.0	Slac_7	0.0	Slac_20	0.0	Slac_4	0.0	Scil_9	0.0	Slac_7	0.0	Slac_25	0.0	Slac_27	0.0	Slac_7	0.0	Slac_7	0.0	Slac_4	0.0	Slac_7	0.0	Slac_4	0.0	Slac_7	0.0	Slac_7	0.0	Slac_7	0.0	Scil_9	0.0	Scil_9	0.0	Slac_7	0.0	Slac_20	0.0	Scil_7	0.0	Scil_9	0.0	Slac_7	0.0	Slac_7	0.0	Slac_7	0.0	Slac_7	0.0	Slac_21	0.0	Scil_9	0.0	Slac_7	0.0	Scil_8	0.0	Scil_9	0.0	Slac_7	0.0	Slac_7	0.0	Slac_7	0.0	Scil_9	0.0	Slac_7	0.0	Scil_9	0.0	Scil_8	0.0	Scil_7	0.0	Slac_13	0.0	Slac_7	0.0	Slac_7	0.0	Slac_25	0.0	Scil_9	0.0	Slac_7	0.0	Slac_7	0.0	Slac_7	0.0	Scil_9	0.0	Slac_21	0.0	Scil_7	0.0	Scil_7	0.0	Slac_7	0.0	Scil_7	0.0	Slac_21	0.0	Slac_28	0.0	Slac_7	0.0	Slac_7	0.0
Slac_28	0.0	Slac_8	0.0	Scil_7	0.0	Slac_8	0.0	Slac_21	0.0	Slac_8	0.0	Slac_8	0.0	Slac_28	0.0	Slac_8	0.0	Slac_25	0.0	Slac_25	0.0	Scil_8	0.0	Slac_8	0.0	Slac_21	0.0	Slac_28	0.0	Scil_8	0.0	Slac_8	0.0	Slac_21	0.0	Slac_8	0.0	Slac_8	0.0	Slac_8	0.0	Slac_6	0.0	Slac_8	0.0	Slac_6	0.0	Slac_8	0.0	Slac_8	0.0	Slac_8	0.0	Slac_25	0.0	Scil_7	0.0	Slac_8	0.0	Slac_7	0.0	Scil_8	0.0	Slac_25	0.0	Slac_8	0.0	Slac_8	0.0	Slac_8	0.0	Slac_8	0.0	Slac_7	0.0	Slac_21	0.0	Slac_8	0.0	Scil_7	0.0	Scil_8	0.0	Slac_8	0.0	Slac_8	0.0	Slac_8	0.0	Scil_7	0.0	Slac_8	0.0	Slac_27	0.0	Slac_27	0.0	Scil_8	0.0	Slac_27	0.0	Slac_8	0.0	Slac_8	0.0	Slac_28	0.0	Scil_7	0.0	Slac_8	0.0	Slac_8	0.0	Slac_8	0.0	Scil_8	0.0	Slac_25	0.0	Scil_8	0.0	Scil_8	0.0	Slac_8	0.0	Scil_8	0.0	Slac_27	0.0	Slac_4	0.0	Slac_8	0.0	Slac_8	0.0
Slac_6	0.0	Slac_9	0.0	Slac_9	0.0	Slac_9	0.0	Slac_28	0.0	Slac_9	0.0	Slac_9	0.0	Slac_6	0.0	Slac_9	0.0	Slac_28	0.0	Slac_28	0.0	Slac_25	0.0	Slac_9	0.0	Slac_28	0.0	Slac_6	0.0	Slac_28	0.0	Slac_9	0.0	Slac_20	0.0	Slac_9	0.0	Slac_9	0.0	Slac_9	0.0	Slac_8	0.0	Slac_9	0.0	Slac_8	0.0	Slac_9	0.0	Slac_9	0.0	Slac_9	0.0	Slac_28	0.0	Slac_9	0.0	Slac_9	0.0	Slac_9	0.0	Scil_9	0.0	Slac_28	0.0	Slac_9	0.0	Slac_9	0.0	Slac_9	0.0	Slac_9	0.0	Slac_9	0.0	Slac_9	0.0	Slac_9	0.0	Slac_9	0.0	Slac_21	0.0	Slac_9	0.0	Slac_9	0.0	Slac_9	0.0	Slac_9	0.0	Slac_9	0.0	Slac_21	0.0	Slac_9	0.0	Scil_9	0.0	Slac_9	0.0	Slac_9	0.0	Slac_9	0.0	Slac_6	0.0	Scil_8	0.0	Slac_9	0.0	Slac_9	0.0	Slac_9	0.0	Slac_28	0.0	Slac_28	0.0	Scil_9	0.0	Scil_9	0.0	Slac_9	0.0	Scil_9	0.0	Slac_9	0.0	Slac_6	0.0	Slac_9	0.0	Slac_9	0.0
